Recency,Frequency,MonetaryValue
3,25,948.7
1,888,7046.159999999979
4,37,813.4499999999998
4,17,268.0200000000001
71,9,146.15
297,1,306.0
60,6,106.38
3,16,272.66
33,2,44.55
8,12,195.4
337,2,95.8
92,10,1727.92
33,5,67.4
146,5,87.0
283,9,161.00000000000003
60,34,585.53
174,2,10.55
34,17,62.11
3,54,947.63
144,19,459.66
5,70,630.95
71,8,224.54
160,22,385.55
30,7,38.05
269,4,221.1
23,14,123.20999999999998
32,15,266.75
97,13,29.570000000000004
295,2,32.550000000000004
135,12,234.48
79,21,319.01
8,64,402.48000000000013
211,11,283.85
53,1,34.8
139,1,17.4
27,105,749.2899999999997
186,16,177.31000000000003
85,5,70.74
327,6,73.4
283,1,102.0
4,33,232.71
237,8,174.3
92,2,70.80000000000003
25,10,186.18
89,1,31.8
64,20,361.47999999999985
68,12,212.39
25,13,53.87
31,7,20.4
43,6,107.65
11,28,3647.06
265,4,42.03
19,15,64.55000000000001
12,16,494.87000000000006
88,19,624.2100000000003
65,12,481.26
9,3,162.36
5,12,617.78
149,2,35.9
139,24,699.38
9,6,133.74
18,3,23.4
10,115,2393.04
162,4,57.24
65,9,59.49999999999999
89,6,220.83
5,11,183.16000000000003
36,15,366.8
312,3,42.90000000000001
79,6,97.51
22,19,8490.64
25,24,113.87
3,26,406.1
18,14,236.79
16,31,393.43
65,9,1680.6799999999996
55,22,207.07
132,14,80.92
36,8,189.4
289,5,129.10000000000002
144,17,215.87
45,23,372.78
31,42,748.02
3,4,471.6
9,8,157.29999999999995
6,18,291.27
10,4,76.3
2,32,875.5200000000003
307,2,7.9
10,50,814.7
8,3,40.45
9,13,257.62000000000006
90,16,102.1
10,3,42.5
113,2,24.95
8,30,72.78
16,53,2082.69
198,2,47.5
212,5,203.68
157,1,0.65
188,7,2463.5399999999995
30,4,84.47999999999998
243,6,85.28999999999998
19,1,19.8
1,12,174.82
74,3,45.4
293,15,102.42
4,13,976.8
32,1,20.8
24,4,77.7
24,10,154.14999999999995
5,15,212.45
23,10,165.37999999999997
206,2,21.9
260,3,46.08
5,67,2109.48
319,2,24.95
12,80,1044.6299999999997
174,6,92.85
57,3,77.00999999999998
324,4,46.92
10,19,418.92
22,32,624.6
11,26,680.6
54,32,900.1499999999999
74,10,184.11
17,94,1483.6200000000006
5,28,585.5
65,10,181.49
2,9,391.8
114,5,1344.0
23,10,160.20000000000005
139,2,315.9
12,4,60.93
53,8,115.23
358,3,55.05
55,5,86.99999999999999
74,6,262.70000000000005
139,15,237.22
291,4,75.6
9,9,109.01
274,3,196.8
292,9,150.84
100,4,45.34
31,7,99.33
57,36,626.02
15,31,479.4
65,3,122.1
15,76,1147.5200000000004
213,3,72.6
79,10,191.64
25,3,59.0
254,4,62.39999999999999
73,3,62.1
192,2,32.4
13,12,152.28
25,11,94.1
83,3,21.44
15,72,627.5300000000002
193,2,41.6
267,1,29.700000000000006
130,3,136.79999999999998
2,18,75.79
4,58,1763.4599999999994
180,3,19.68
12,183,5180.059999999999
158,10,216.8
5,5,136.0
296,1,12.6
5,329,10490.390000000003
9,30,661.3199999999998
29,5,105.42
71,5,70.32
276,28,1185.84
130,2,152.64
71,1,9.36
33,82,1281.7600000000002
2,106,4994.410000000002
235,2,25.5
2,68,1424.9599999999996
4,4,243.96
134,1,76.5
86,13,357.08
60,10,153.73
32,31,297.79
1,48,2387.2400000000007
12,22,503.76
139,5,77.74
22,8,121.56
20,15,126.64
239,1,30.6
270,10,51.31999999999999
241,9,157.83
90,50,831.0999999999998
5,30,384.42999999999984
78,4,68.7
24,9,213.5
262,2,62.0
274,2,39.7
86,18,344.54
197,1,3096.0
57,26,556.96
11,129,681.6899999999998
23,7,114.02
17,39,1109.83
109,7,78.56
85,30,480.93000000000006
20,7,91.14
333,1,23.6
92,1,45.0
27,6,41.98
100,1,118.8
30,85,943.18
15,14,309.8
296,11,184.6
6,3,37.44
34,6,127.4
50,10,169.19999999999996
95,14,226.27
9,31,360.2000000000001
23,1,34.8
314,1,27.0
123,19,397.61
47,6,195.6
284,6,38.65
19,12,122.06000000000002
37,19,190.66000000000003
253,1,23.4
27,8,32.6
50,8,46.94000000000001
5,3,14.6
17,25,244.97000000000003
47,12,86.25000000000001
65,4,67.35
27,52,1231.3599999999994
46,2,20.04
8,23,823.3000000000003
15,29,263.4199999999999
40,21,383.69999999999993
338,9,69.6
19,6,64.2
96,18,233.56000000000003
62,7,40.45
136,1,9.0
12,21,336.48
11,39,604.78
4,23,2043.44
20,7,133.14999999999998
10,11,158.55999999999997
59,27,221.77
31,64,1076.39
94,6,95.84
96,8,164.14999999999995
20,28,145.27
57,18,294.80000000000007
268,1,92.5
220,4,19.69
241,13,133.72
201,2,115.8
61,24,578.0700000000003
4,7,1288.98
274,1,8.4
82,1,179.0
226,2,36.75
5,122,597.53
13,26,225.14
75,13,131.76000000000002
213,11,185.15
25,10,233.62000000000003
24,8,165.10000000000005
262,6,109.83
97,12,89.69
113,1,20.8
204,11,142.89
93,4,17.9
51,2,61.3
19,38,905.29
52,4,69.0
125,4,72.44
94,5,310.86
157,8,223.44
10,1,49.8
24,9,119.79
62,21,95.31
62,1,26.0
286,4,441.6
264,1,6.959999999999999
2,319,1467.1100000000006
54,14,263.16
12,44,944.27
3,43,930.59
18,101,802.3
2,70,1112.7200000000003
38,22,64.17
90,4,60.45
114,2,14.05
64,10,160.6
117,1,25.0
41,9,82.53999999999998
123,13,130.21
19,9,309.2000000000001
186,1,17.0
24,48,697.81
156,4,36.0
39,5,86.9
190,9,151.7
138,1,15.0
8,13,525.18
170,1,19.8
104,16,138.05
156,1,63.75
352,4,57.21
5,12,264.49
23,9,143.56
8,23,365.0
29,14,243.12000000000003
5,10,127.68
23,13,242.56000000000003
2,11,133.70999999999998
38,18,1141.86
67,20,362.76
38,1,42.96
6,84,1906.0000000000007
79,16,259.0
87,3,130.84
18,8,89.49000000000002
4,4,270.5
37,14,1218.66
82,3,268.0
39,14,343.4000000000001
317,4,356.99999999999994
32,2,110.28
93,10,251.0
15,5,80.2
83,57,687.3200000000003
78,7,105.68
158,6,166.39999999999995
201,11,192.0
46,26,2007.96
261,10,248.75
178,5,94.3
68,13,379.3
288,6,102.25
71,4,168.6
65,1,10.2
11,4,41.68
17,5,124.4
67,4,67.44
61,7,111.06
72,8,108.54000000000002
123,7,125.0
81,9,226.71
258,20,115.99
269,6,64.74000000000001
64,2,42.60000000000001
10,33,690.9
18,9,145.31
72,1,17.4
34,28,544.64
257,8,211.35
90,4,89.51
61,31,698.2499999999999
89,9,136.1
100,13,236.85
27,15,83.59
32,38,800.7900000000003
281,4,62.7
31,25,896.9500000000003
330,5,110.6
132,9,210.77
12,11,167.97000000000003
2,33,665.8900000000001
186,4,41.76
30,10,342.54
73,10,362.8
193,7,103.43
128,8,123.51
18,1,15.0
213,2,41.6
205,6,113.99
2,98,5686.879999999999
75,5,125.84
108,5,94.65
134,7,168.45
44,2,59.40000000000001
5,10,222.1
12,58,1296.3499999999995
64,2,14.4
171,1,10.5
41,19,389.92
65,30,670.34
109,16,245.07
1,29,676.5999999999998
20,6,148.04
11,14,40.93
11,16,291.16
19,8,76.56
68,9,228.42
6,22,759.0000000000001
2,2,28.2
15,31,666.36
256,16,83.85
92,1,10.2
24,9,175.69
17,30,491.29
24,2,41.65000000000001
27,14,411.05999999999983
27,89,570.73
260,2,590.0
166,4,111.58
25,3,73.8
18,13,314.0900000000001
8,78,1738.2000000000005
30,1,17.0
39,4,197.7
253,2,37.8
59,4,84.9
185,5,78.39999999999998
11,23,242.27
2,54,1044.42
100,3,49.5
2,65,693.9600000000003
61,6,142.29000000000005
237,11,46.10000000000001
218,14,219.21
179,12,214.5
58,9,152.32
201,3,72.3
46,22,333.21
233,3,52.98
66,3,59.7
242,3,63.6
234,4,73.3
79,14,217.46
58,9,149.2
18,82,1595.5799999999995
106,4,142.07999999999996
52,15,192.63
312,3,70.80000000000003
8,7,376.2
11,3,45.0
283,3,54.3
18,8,286.4500000000001
24,10,189.5
17,2,16.8
72,1,10.5
65,6,72.12
317,1,20.4
4,33,492.86
244,3,27.630000000000006
9,8,121.22
2,21,329.31999999999994
261,6,89.3
127,2,37.65
73,7,103.2
22,7,370.66
60,31,450.99
86,7,121.4
79,1,11.9
2,98,263.2799999999999
34,29,893.3699999999997
41,3,53.78
15,1,23.9
34,47,538.8299999999998
79,3,51.05
206,3,79.85
34,10,29.61
183,16,63.29
3,63,1242.0499999999995
2,40,723.0700000000003
44,6,283.65
86,8,161.39999999999995
40,21,66.33000000000001
13,15,84.90000000000002
97,26,127.1
65,9,173.60000000000005
320,1,17.85
67,30,1059.26
74,29,764.9599999999997
29,9,148.08
6,43,181.15
8,7,45.1
82,12,249.4
85,10,222.28
145,9,644.7399999999999
20,11,78.23
41,37,201.26
174,6,19.45
18,12,55.1
244,6,55.91
13,86,511.29999999999984
206,7,182.53
51,6,73.75
24,13,194.5
11,25,1211.14
26,17,439.85
310,1,2.95
156,10,151.9
307,9,43.2
64,3,357.6
16,35,454.98
15,3,67.35
12,19,373.43
65,13,324.4
206,3,58.97
109,29,507.47
53,5,56.51
6,35,147.43
48,4,15.65
2,45,1139.8199999999995
313,6,48.57
46,18,134.25
65,6,101.1
27,8,62.19
30,5,25.32
41,27,179.72000000000003
13,56,284.67
90,14,234.8
25,41,327.6799999999999
319,6,103.8
41,13,136.47
174,4,38.26
117,2,32.4
31,18,183.05
253,3,45.2
60,18,298.43000000000006
24,16,2480.76
6,17,403.99
207,1,100.0
25,25,363.81
34,33,352.33
68,15,243.23
37,13,185.0
53,29,256.25
16,3,38.1
75,10,270.78
216,9,51.07
32,8,152.7
17,33,639.34
121,1,19.9
10,13,240.56
257,1,15.3
17,26,461.92
46,9,170.68
44,27,442.9399999999998
115,12,190.16
165,7,62.11999999999999
11,2,22.8
10,12,244.46
206,18,268.33
86,8,134.84
180,1,5.04
61,2,12.55
150,19,53.94000000000001
3,93,1320.5700000000004
51,3,60.45
76,3,59.94
19,14,110.92000000000002
152,9,167.04000000000005
152,2,11.64
2,30,983.16
18,12,177.88
188,2,42.5
286,8,14.8
4,8,754.27
183,1,8.5
64,2,358.0
60,2,32.7
25,8,324.9000000000001
4,115,12768.029999999995
32,14,305.27
39,4,48.32
156,3,63.6
27,48,495.38
319,1,99.5
6,18,320.97
8,3,99.36
303,4,41.10000000000001
268,5,110.45
272,17,88.43
4,62,1458.9300000000005
32,2,23.28
219,4,88.19
247,1,15.0
282,24,198.25000000000003
270,5,25.85
33,16,204.66
247,3,73.1
16,15,278.09000000000003
117,8,118.1
37,6,127.95
132,16,437.44000000000005
218,1,19.75
50,14,215.95
39,12,349.94
29,7,103.85
37,11,187.7
136,13,288.47
220,12,215.52
29,4,71.4
25,44,720.4899999999999
6,28,84.36000000000001
201,8,46.45
241,3,30.48
72,8,153.21
17,59,569.5099999999999
3,7,275.88
96,18,301.48
163,7,111.71999999999998
96,7,215.15
54,8,467.07000000000005
289,2,169.2
156,16,204.58
288,4,63.9
318,3,45.3
4,68,520.7699999999999
3,23,831.33
39,17,423.65
72,8,282.44
55,8,30.04
51,11,162.09
219,1,30.0
64,2,281.52
71,27,154.42999999999995
26,72,2940.199999999999
3,25,729.2600000000001
65,18,331.9
34,35,212.15
82,4,62.35
9,32,4401.259999999998
104,1,27.25
8,12,62.31
251,6,37.83000000000001
13,26,227.92000000000007
219,2,55.8
76,5,13.89
5,8,85.26
128,3,648.0
67,2,38.4
3,75,8167.579999999999
117,7,136.3
310,8,151.8
67,2,30.3
139,14,1114.98
256,3,57.7
31,21,374.92
53,4,303.4000000000001
6,12,339.7
302,8,241.8
145,13,77.69
41,23,93.59000000000002
19,12,341.55
242,8,216.5
177,1,25.5
58,17,76.18
23,1,10.2
17,18,367.91
20,1,19.8
160,6,97.7
26,9,160.18
212,2,8.5
6,30,106.15000000000002
59,41,664.89
12,5,111.1
25,14,242.45
298,1,85.0
52,25,401.78
130,19,308.63
96,17,366.54
58,4,139.39999999999998
9,18,1367.8900000000006
169,3,112.8
58,3,50.37000000000001
327,8,50.09
2,18,294.94
19,22,390.55
248,4,60.18
59,7,121.82
75,1,24.9
32,11,180.56
39,5,108.05
124,63,674.3799999999998
3,28,563.3299999999998
23,54,997.16
120,2,47.7
359,4,227.65
54,27,442.64
64,3,58.6
55,9,313.42
22,30,708.8299999999998
26,31,2785.21
3,17,284.74
11,28,527.69
8,12,171.50000000000003
201,3,64.7
72,3,39.7
205,5,78.96000000000002
120,11,160.51
93,5,133.7
2,14,246.54
65,5,105.4
298,5,84.80000000000003
24,4,65.4
29,23,539.74
51,5,74.9
326,2,29.85
275,3,78.9
193,7,121.22
73,27,496.62000000000006
38,3,50.4
80,26,491.82
58,31,473.54
12,3,67.86
50,3,17.04
50,4,106.3
352,2,51.75
54,6,98.42000000000002
2,23,337.24000000000007
122,10,142.47
24,1,20.4
75,3,47.2
11,6,91.32
170,2,433.7
58,2,30.6
96,16,280.90000000000003
110,3,77.1
264,10,219.25
180,7,112.54
170,2,50.39999999999999
36,3,21.94
24,13,149.91
18,7,141.54000000000005
22,6,547.2
202,2,131.39999999999998
66,1,19.8
361,1,46.8
3,30,454.94000000000005
12,3,55.08
177,7,115.38
218,32,722.0599999999997
8,3,795.0
2,9,176.5
155,9,72.98000000000002
6,32,266.48
80,19,142.96000000000004
22,2,24.660000000000004
246,1,15.3
309,3,45.2
146,1,45.0
8,129,1970.97
19,26,467.36
202,3,53.9
288,5,177.2
50,3,39.96
32,63,433.75000000000017
46,3,63.32000000000001
74,15,227.0
61,4,91.66
40,15,325.35
30,23,826.94
326,1,11.8
5,68,1406.42
18,3,58.13
20,42,661.7399999999999
66,11,316.6
214,3,54.55
13,21,195.13
31,1,20.0
43,14,541.28
4,26,467.03999999999985
57,14,217.43
11,27,588.9800000000001
212,3,60.0
46,8,496.2000000000001
135,5,70.28
44,37,1170.75
10,22,697.3600000000001
116,6,196.32
199,11,199.11
278,3,104.4
111,6,82.38
78,4,28.24
53,4,189.42
47,8,204.85
17,7,119.06
156,8,218.85
226,6,64.86
8,6,110.5
122,4,66.15
61,1,10.2
64,1,25.5
19,37,297.68000000000006
8,41,2504.6800000000007
17,26,484.42
23,23,66.69
29,15,275.12
285,8,137.0
365,4,15.75
79,14,237.70000000000005
34,3,102.6
62,40,696.3
267,4,11.8
27,38,118.19000000000004
9,3,113.1
306,21,95.47
17,97,1048.92
32,12,184.73
1,32,2688.9500000000007
20,11,38.99999999999999
66,1,9.96
107,2,137.6
2,205,1618.4600000000007
24,52,1356.9399999999996
267,1,23.4
5,43,1623.2999999999995
10,18,1140.2200000000005
30,18,218.71
267,2,53.25
64,8,73.9
321,5,67.80000000000001
4,70,296.92999999999995
33,3,30.94
5,12,222.12
130,8,21.79
79,11,111.27
102,9,300.4
125,3,46.55
303,16,98.90000000000002
365,5,32.6
5,21,153.3
3,102,925.34
3,16,56.50999999999999
11,141,11812.270000000002
57,4,79.45
8,34,634.5
13,16,91.34999999999998
5,1055,13300.099999999993
37,6,18.26
17,55,701.93
138,6,41.95
74,11,2191.94
6,16,251.6
155,4,93.6
240,13,224.73
52,24,498.16
31,4,85.98
73,3,55.2
4,29,1367.9
23,30,537.9000000000002
4,6,106.8
274,2,53.7
20,13,245.32
144,1,30.0
4,32,631.12
85,2,118.08
11,29,443.07000000000016
11,2,29.4
123,6,92.34
61,12,184.22
2,11,251.00000000000003
320,14,99.25
3,41,757.98
130,8,187.92
2,19,1035.24
2,12,327.29
47,5,66.24
4,13,164.54999999999995
3,4,144.60000000000005
47,3,1128.6
9,48,823.6199999999999
286,1,136.0
234,1,127.5
221,3,50.39999999999999
36,8,163.6
76,10,114.18
240,11,214.7
267,2,35.7
286,3,18.97
41,10,115.98
20,223,837.3899999999996
216,12,70.44
174,4,35.84999999999999
88,16,524.8399999999998
81,4,131.4
276,9,49.48
40,13,167.95
99,11,83.57
11,5,53.68000000000001
34,5,19.05
60,34,707.59
298,5,88.0
96,9,68.30000000000001
9,69,342.88999999999993
41,36,149.38000000000005
11,39,754.0000000000001
67,6,110.64
332,1,165.0
31,15,422.4
3,54,987.9499999999997
2,48,896.0699999999997
68,8,157.2
5,115,2343.4499999999994
253,1,100.8
107,2,244.8
19,6,106.75
61,7,113.18
3,11,45.6
17,6,113.7
240,3,56.99999999999999
95,1,10.5
122,7,119.75
106,22,397.04000000000013
54,16,299.82
90,3,339.4
171,11,196.59
12,18,311.25
4,10,276.86
12,30,595.53
43,4,54.56
5,1,4.68
248,8,307.2
43,33,588.7899999999997
178,13,212.22
93,8,111.92
111,22,214.73
30,13,461.2000000000001
27,33,677.8799999999999
52,8,313.98
184,11,164.62
43,23,475.26
50,6,174.76000000000005
31,35,182.75
158,17,701.48
81,3,33.84
44,21,507.06000000000006
31,5,80.16
184,3,94.6
235,2,34.55
9,20,325.23
220,20,298.72
111,12,233.14
279,4,21.8
319,3,43.38
8,20,365.54
2,14,537.0
261,17,301.2999999999999
124,18,358.75
90,22,2687.34
142,1,15.9
51,8,256.5
9,22,482.82000000000005
155,4,79.7
163,10,311.68
332,6,111.3
226,1,11.9
74,7,86.30000000000003
137,2,35.099999999999994
99,12,212.66
197,2,20.94
4,36,781.22
31,6,109.45
22,4,199.92
24,64,1011.76
9,2,35.40000000000001
214,4,80.7
9,8,178.2
12,26,648.19
2,57,1054.14
8,19,793.6800000000002
4,5,84.36
41,2,50.40000000000001
18,13,283.21
9,325,9798.259999999991
9,24,542.5599999999998
118,2,168.12
223,5,96.5
72,19,364.63
52,3,208.5
89,34,566.8299999999998
9,27,671.6700000000002
243,6,96.55
47,16,262.54
107,1,9.12
45,25,647.35
65,6,142.38
333,7,93.09
11,24,271.92
115,13,208.08
243,2,40.2
164,4,90.2
18,46,967.2800000000003
136,4,58.38
23,7,84.36000000000001
68,2,29.1
94,35,596.5600000000002
17,17,342.82
197,3,59.6
243,4,116.1
219,3,65.4
46,23,363.03
22,5,169.56
128,9,67.94
39,2,32.85
121,13,274.36
261,3,47.7
11,8,25.49
275,3,31.86
165,1,51.0
235,8,236.6
216,2,18.9
6,3,48.6
80,9,138.46999999999997
44,5,25.25
20,11,189.3
32,32,675.6999999999998
23,9,36.8
135,18,1066.0
9,114,1913.41
320,1,17.0
296,1,26.1
359,1,24.95
186,22,87.09999999999998
192,3,115.85
45,9,80.97
53,11,40.2
27,28,176.65000000000003
39,12,348.01999999999987
10,4,71.05
297,2,27.9
33,26,368.13
11,35,588.6899999999998
66,11,220.1
11,51,917.61
219,2,29.75
3,67,682.0500000000002
66,8,110.52
3,21,498.97999999999985
150,4,153.14
5,38,805.9599999999998
218,6,546.8100000000002
34,15,205.01
120,1,15.3
108,12,471.99
11,21,589.42
72,11,324.41
93,36,257.50999999999993
311,3,286.2000000000001
43,9,114.13
363,3,14.45
92,25,347.4600000000001
2,102,1044.5499999999997
43,2,36.1
4,29,499.59
11,37,202.57
100,4,48.36
58,7,197.37
1,46,829.7200000000001
24,55,1046.62
64,6,99.58
8,23,218.89
303,2,43.2
10,92,515.18
38,1,69.6
99,1,9.48
307,3,47.5
9,10,412.74000000000007
1,12,466.63999999999993
54,20,314.27
1,60,266.84
19,20,344.00000000000006
365,4,12.0
19,34,158.56
181,6,80.55000000000003
61,17,94.84
11,8,35.91
191,5,34.43
6,188,636.6600000000002
156,6,227.6
149,26,340.42
67,38,309.34
206,1,76.32000000000002
247,23,134.35000000000002
30,10,408.3
18,10,50.65000000000001
12,11,109.04
104,54,365.22999999999985
283,1,85.0
47,2,32.3
72,8,252.85
258,4,55.75
51,1,179.0
254,2,48.4
165,3,54.8
19,26,253.61
51,3,78.2
39,11,39.71
27,29,223.15000000000003
68,12,188.48
208,4,52.5
176,3,50.15
8,24,465.48
26,1,30.0
122,1,19.8
312,3,50.97
310,6,105.96
43,34,441.07000000000016
27,41,165.94999999999996
184,4,93.18
20,127,444.17999999999984
4,29,786.11
48,21,121.83
18,152,1150.38
18,57,353.58
41,24,333.16
23,14,83.95999999999998
12,20,315.64
188,5,75.35000000000002
207,2,53.65
62,11,125.08
18,18,365.97999999999985
34,5,75.95
65,5,64.09
2,1,62.40000000000001
93,3,189.42
109,2,22.4
32,28,293.95999999999987
20,57,728.68
3,187,1628.8800000000015
38,4,150.24
61,42,122.15000000000002
26,53,742.5799999999998
237,7,96.45
25,12,447.06
3,108,1082.5
61,75,711.72
260,2,59.5
58,3,100.68
65,2,32.7
16,5,114.0
10,15,200.32
169,25,299.6400000000001
31,13,546.4300000000002
25,24,406.8
6,70,503.6999999999999
4,79,1008.0100000000003
318,2,326.4
312,8,40.08000000000001
11,8,103.81
205,2,27.64
152,9,31.119999999999994
20,18,166.84000000000003
11,53,709.0799999999997
303,3,32.45
86,5,260.46000000000004
8,14,338.95999999999987
76,9,140.61
4,95,1040.98
96,29,725.87
57,4,176.4
2,2,4.15
281,8,49.6
41,57,451.38
180,24,140.95000000000005
13,21,162.32
4,5,59.03
17,5,57.95000000000001
41,2,21.46
6,62,173.88000000000008
170,11,113.52
51,7,38.51
277,4,34.44
19,59,204.12
16,37,190.35
36,29,82.98
22,32,223.36
8,4,28.98
25,17,297.47
12,8,138.92
45,11,51.03
306,7,123.75000000000004
11,1,35.40000000000001
275,1,510.0
2,512,2353.590000000002
19,15,3195.06
5,6,580.6
243,1,158.4
10,2,60.0
246,3,51.90000000000001
206,5,76.46000000000002
2,23,499.54
185,6,64.7
33,31,176.86999999999995
58,1,15.6
197,8,145.6
24,25,491.6
92,8,153.03
5,25,131.26000000000002
51,12,325.8400000000001
263,1,15.9
267,4,82.45
37,6,127.8
51,3,113.99
53,36,609.3100000000002
25,21,497.7400000000002
22,3,59.75999999999999
171,2,29.72
68,6,146.3
157,8,127.19
202,7,120.35
5,36,265.57
68,24,136.02
78,4,13.79
2,39,344.52
9,4,162.2
170,17,65.89
18,25,162.22000000000003
6,6,39.09
9,40,402.61
87,6,31.47
29,28,116.83
20,22,106.72
61,19,404.41999999999985
25,3,34.3
11,105,1810.29
242,44,306.58999999999986
281,30,138.18
235,15,179.50000000000009
4,10,167.25
17,22,108.7
32,9,765.96
72,38,3439.94
212,1,340.0
202,1,20.8
26,92,336.76999999999975
107,2,49.8
8,53,836.05
209,3,17.7
45,12,99.68
31,13,469.09000000000015
138,11,97.85
265,2,134.1
5,24,411.4
219,5,29.09
2,37,252.57
215,3,39.45
33,27,581.33
11,77,630.5199999999999
2,66,716.2500000000003
15,5,68.53
20,89,323.3199999999999
3,4,186.0
16,36,918.95
15,24,91.86000000000004
11,69,615.32
30,6,393.9
10,54,368.68
25,1,11.6
25,18,192.68
44,17,122.19
2,40,261.2899999999999
6,6,83.1
148,5,29.15
11,54,195.58
25,14,216.8
275,4,135.2
2,91,431.3599999999997
48,12,117.42999999999998
9,35,621.5
17,40,1874.38
4,33,932.0899999999997
4,7,516.75
43,2,14.86
20,10,579.5999999999998
198,17,329.7
12,15,402.45999999999987
17,4,107.95
113,16,324.87
250,3,55.6
30,10,149.95
44,2,260.64
88,5,100.3
45,9,159.28
10,42,912.87
16,6,100.78
76,4,93.92
145,19,407.0
5,32,524.0
298,2,43.6
335,1,10.2
264,3,27.96
30,8,52.82000000000001
9,21,445.72
18,2,89.10000000000002
3,233,2220.16
233,12,195.66
113,3,47.25
59,13,196.62
52,27,565.32
128,11,226.06
324,6,67.65
55,7,123.22
320,1,25.200000000000006
27,2,30.0
8,4,94.6
29,3,30.66
22,2,23.2
3,12,204.06
167,1,23.85
2,217,1434.5800000000008
53,3,46.72
52,1,5.8
48,57,586.0
62,13,41.65
163,14,221.25000000000003
9,2,73.1
16,13,169.6
76,4,70.14
40,30,336.48
41,49,416.13000000000005
37,6,86.52
201,14,237.04
74,13,224.53
65,3,83.85
22,4,60.45
181,16,78.43
11,4,122.46
24,15,338.1500000000001
197,2,275.40000000000003
30,6,110.36
54,8,18.37
18,14,300.1
90,22,353.9000000000001
54,29,640.61
44,27,474.08
64,24,987.9700000000003
149,4,79.69999999999997
22,57,1175.37
312,3,45.1
24,5,57.24
59,37,693.49
25,2,191.7
79,25,430.5
120,5,113.6
37,10,244.77
60,12,234.35
13,10,217.22000000000003
20,1,40.56
26,8,151.9
30,4,86.88
39,19,4053.98
186,9,202.98
4,38,793.0600000000003
9,9,70.22
262,5,87.6
4,18,104.27
211,5,114.5
108,7,126.75
37,22,369.51
78,10,146.13
20,4,67.92
27,3,207.9
40,7,101.82999999999998
132,5,325.2
253,4,68.1
208,4,67.8
337,3,42.3
254,1,15.0
149,6,83.34
12,8,110.64
86,4,152.76
8,107,2194.1
205,1,13.5
8,10,214.64
24,23,324.4
12,8,146.58
26,6,117.9
22,64,465.23999999999984
3,13,147.94
158,5,214.0
4,23,487.9
75,1,45.0
3,9,143.53
36,14,228.98
92,6,177.98000000000005
71,13,229.03000000000003
116,14,478.91
213,14,237.29
31,15,221.95
51,9,167.94000000000003
246,1,15.8
33,4,74.6
30,30,916.6900000000003
131,1,30.0
24,18,260.47
20,4,64.0
80,1,15.6
60,25,1138.3200000000004
26,10,45.71
13,19,101.57000000000002
254,1,3.9
148,6,40.7
65,10,131.94
9,7,40.01
11,59,1467.8700000000006
271,1,70.2
10,36,248.27000000000004
248,4,29.55
97,18,211.86
15,8,59.83
50,2,109.8
31,4,13.85
69,4,182.3
36,30,215.34
129,2,14.01
108,4,97.32
38,4,19.53
58,2,85.32
58,16,205.77
73,46,371.5100000000001
247,4,50.46
20,15,80.68
199,18,46.66
16,1,81.6
212,11,103.08
39,8,28.13
47,6,134.16
171,12,111.47
48,12,77.32000000000002
116,19,238.22000000000003
148,23,147.54000000000005
16,236,1344.39
52,28,108.99000000000002
160,1,4.16
13,29,207.11
36,8,111.05
54,18,58.61
44,6,94.18
173,5,54.76000000000001
34,1,4.2
39,6,88.53999999999998
267,15,52.3
9,95,456.96
12,22,133.95000000000002
4,111,1246.71
10,25,267.59
34,16,75.4
81,8,81.54
31,9,343.49999999999994
9,7,62.35
72,1,95.4
5,19,95.89000000000004
257,3,359.5
5,102,557.1899999999997
16,72,945.7099999999997
90,2,37.05
73,25,121.84999999999998
69,19,102.22
10,305,3602.6700000000014
171,10,31.14
32,1,179.0
20,94,1578.4600000000007
152,3,98.88
10,45,983.7199999999997
270,6,100.4
66,13,66.76
26,15,371.9500000000001
24,39,394.34000000000015
320,5,22.4
5,16,143.05
13,26,71.00000000000001
316,4,211.5
26,35,286.44
41,53,319.61999999999983
9,23,87.16
4,58,6916.620000000003
72,18,340.42
214,2,45.4
38,17,529.0500000000002
54,12,252.8
79,16,357.74000000000007
47,21,116.54
180,7,109.8
94,5,205.0
10,11,201.55
106,7,144.92000000000004
78,6,261.86
173,4,63.3
8,83,1901.0199999999993
213,9,184.11
23,6,89.94999999999997
257,1,14.85
282,2,43.8
22,15,281.5200000000001
11,29,589.4999999999999
309,3,45.4
68,6,77.91000000000003
216,3,46.8
19,15,715.8399999999998
104,7,205.5
43,1,6.64
5,5,56.8
85,5,67.48
9,2,58.53
32,5,78.53999999999998
197,14,198.92
19,17,358.22
18,24,321.42
331,3,40.45
246,6,103.35
24,7,243.05
30,12,272.75
10,18,586.1
31,32,529.86
19,5,76.80000000000003
18,10,210.76
15,14,376.91
135,1,244.8
246,1,16.5
134,5,77.3
289,4,74.55000000000003
115,17,355.86000000000007
8,17,332.3900000000001
23,6,74.32000000000002
26,24,2054.34
66,8,227.52
61,20,290.82
51,13,615.7
170,4,73.2
106,11,159.56
128,8,254.12
15,19,410.18
240,2,30.0
3,22,479.43
337,2,27.9
53,17,525.24
47,6,107.5
226,2,28.200000000000006
9,41,1276.0999999999995
5,13,238.46
165,26,364.41999999999985
241,6,92.70000000000002
11,4,54.51
134,6,146.55
18,61,961.24
10,47,817.64
32,4,57.7
76,20,46.81
2,11,245.25
4,33,585.84
46,3,189.6
5,143,3771.400000000001
358,1,106.2
19,6,66.22
69,21,175.29
321,4,12.65
26,2,32.4
9,17,251.54
323,4,67.02
72,3,25.16
261,1,19.5
19,15,468.77
67,7,337.7999999999999
155,4,100.45
30,18,117.41
71,6,56.4
15,5,88.86
2,26,1636.38
2,41,3379.11
120,9,138.72
61,1,19.8
4,58,1701.8099999999995
3,1,3861.0
11,8,683.5500000000002
93,2,50.40000000000001
95,1,49.05
88,11,314.8400000000001
26,30,429.08000000000015
358,1,59.40000000000001
86,10,137.44000000000003
100,1,61.2
2,6,202.85
226,2,70.11
61,8,136.14
330,6,81.60000000000002
2,28,452.2900000000001
47,6,103.75
11,32,982.87
177,2,25.5
52,28,419.18
226,3,189.2
359,1,13.2
235,4,65.1
311,1,15.3
37,9,162.77
67,20,456.42
241,6,89.4
114,9,190.66
277,1,1.92
218,25,381.69000000000017
299,4,96.0
79,17,227.53
30,10,263.41
11,4,53.0
45,14,229.8100000000001
67,19,317.14
75,4,49.25
66,7,159.36
135,18,701.8199999999997
239,4,52.8
123,1,81.6
32,72,1327.16
10,29,3027.21
37,10,166.49
17,15,248.24999999999997
128,6,116.03
67,13,242.06000000000003
284,3,92.05
169,8,127.45
143,6,129.1
136,1,17.4
107,4,44.82000000000001
65,3,50.55
152,17,313.74
339,1,17.85
183,2,550.8
24,1,118.8
16,9,263.75
8,59,521.3399999999998
58,13,132.54
5,8,108.26
38,9,146.73000000000005
67,12,22.17
47,3,35.34
355,2,35.2
173,4,23.32
59,39,674.54
50,1,66.4
23,6,111.15
44,15,465.68
30,12,188.07
5,44,1701.8000000000004
26,18,571.7799999999999
202,5,40.75
51,45,768.3299999999998
11,8,141.42000000000004
3,34,1558.1799999999996
65,3,48.5
51,43,774.7099999999998
291,4,65.8
61,5,176.5
65,13,243.0
96,1,14.85
275,3,60.6
1,447,11758.489999999983
76,6,128.24
200,5,70.08
65,6,91.38
327,1,165.0
4,5,36.96
284,1,17.700000000000006
45,7,55.55
71,20,611.7000000000003
86,9,160.83999999999997
104,15,61.25999999999999
334,6,60.78
53,1,10.2
40,15,213.68
61,1,69.6
209,3,378.54
157,22,63.34999999999999
54,6,17.9
67,15,103.57
81,4,517.36
130,7,103.2
88,6,109.2
33,5,107.56
46,1,29.9
333,3,47.10000000000001
73,1,15.0
159,12,67.76
13,38,326.1300000000001
255,8,59.90000000000001
30,2,55.6
32,103,530.09
5,105,1725.9399999999994
40,2,49.6
362,3,253.32
96,5,89.56000000000002
26,19,430.58000000000015
76,12,166.44
58,14,369.12
22,1,279.24
72,19,463.45
138,6,449.56
9,23,425.07
41,24,314.19
170,45,867.5199999999996
9,7,198.2
15,62,1337.9600000000005
170,7,103.99
41,1,10.2
187,3,35.28
5,19,393.58
282,3,43.2
10,12,354.72
326,2,31.85
113,6,101.28
290,1,14.85
17,12,239.34000000000003
2,12,186.22
129,2,105.4
149,6,68.5
190,2,15.44
32,13,91.3
34,28,329.27
265,10,110.75
85,25,633.1500000000002
27,23,321.4500000000001
172,1,11.8
10,5,96.58
314,12,158.35000000000005
65,28,552.7900000000002
86,6,111.0
25,2,34.4
59,6,112.1
324,1,15.3
255,3,49.56
20,38,183.03000000000003
34,49,213.14999999999995
16,3,46.62000000000001
27,14,104.09000000000002
24,2,40.2
268,4,55.56
9,6,141.5
23,6,35.74999999999999
13,69,231.13
263,11,56.43000000000001
132,3,26.3
55,14,56.44
2,87,771.3
10,53,334.6500000000001
265,1,25.5
331,2,28.52
313,6,96.2
27,12,211.43
31,2,25.4
30,14,172.77000000000004
2,67,278.2899999999999
363,7,48.55
284,12,70.84
263,9,32.97
26,1,23.4
355,6,17.549999999999994
95,1,19.8
30,2,45.8
339,33,177.55
83,16,896.7499999999999
86,11,45.25000000000001
10,9,97.98
52,5,95.75
51,3,75.6
3,13,53.45
114,15,59.8
15,2,306.0
78,6,98.61
41,12,230.69
16,17,1770.2
162,22,52.84
2,36,760.8399999999998
31,10,177.67
23,15,435.46
101,32,595.54
75,7,122.32
33,49,320.50999999999993
22,27,322.2800000000001
18,4,288.6
3,99,2621.03
9,18,330.0
16,30,1135.3299999999995
363,14,41.6
82,4,16.9
53,21,972.86
23,33,221.00000000000003
172,12,146.47
190,21,281.84
12,34,230.19
360,1,15.3
34,73,3305.510000000001
13,39,1022.49
47,4,9.9
234,8,95.78000000000002
65,46,411.76999999999987
2,4,64.38
41,31,387.13
33,9,45.86
85,3,252.50000000000003
3,21,107.46999999999998
19,31,661.54
255,8,123.61
23,133,700.5699999999996
22,21,326.0
9,55,491.74000000000007
26,43,332.23
20,18,163.36
174,24,168.38999999999996
164,3,7.5
8,9,119.87
12,3,37.65000000000001
115,6,23.73
289,9,38.5
10,48,647.1
55,13,38.88
8,138,1077.1000000000008
158,21,330.85
5,13,127.95
37,5,101.0
218,4,7.78
61,8,70.53
278,2,25.2
13,174,851.3299999999998
25,5,79.08
29,5,118.26
12,4,65.46000000000001
23,21,312.29
71,1,16.5
19,1,24.96
3,10,126.91
104,5,552.98
11,62,842.89
12,12,186.63
5,41,591.49
32,19,127.43000000000002
178,7,47.07
38,10,134.29999999999998
152,10,65.77000000000001
69,9,62.71
157,35,147.32000000000005
221,5,63.48
24,18,88.55
177,7,121.25
51,2,111.96
256,6,90.1
47,5,94.74
71,1,71.4
31,22,378.82
215,11,223.0
36,3,32.160000000000004
54,3,63.06
27,10,136.33
12,69,1102.12
9,11,305.22
53,2,36.52
37,8,134.3
62,18,687.63
337,5,54.76
29,11,271.78
185,6,112.68
52,3,53.14
10,7,197.85
37,3,124.1
11,80,2145.8
33,11,165.951
57,13,186.9
5,3,198.72
44,45,925.82
142,4,60.13
136,6,88.53
104,14,314.1
75,11,139.48000000000002
5,26,477.0
46,12,212.74
16,32,624.4
18,4,65.7
90,4,117.0
53,2,36.90000000000001
135,2,15.12
5,91,2297.7
106,10,177.4
283,5,76.69999999999997
167,46,147.33999999999997
19,12,138.21
247,2,28.200000000000006
205,7,199.3
37,8,154.86
92,6,102.8
93,2,432.12
10,4,103.56
244,8,123.71
46,16,253.3
23,1,30.0
198,6,109.2
44,2,45.0
26,21,372.34
318,1,6.6000000000000005
107,2,29.04
51,2,33.36
169,21,415.47
40,3,70.56
104,5,151.02
297,7,106.5
26,8,299.46
89,44,799.27
74,23,371.87
156,3,29.72
19,46,824.4599999999998
50,12,240.15
53,2,36.0
25,29,156.06
10,8,121.62999999999998
26,8,178.04
118,1,17.4
9,34,634.0499999999997
362,2,45.6
5,4,46.2
29,2,37.2
26,10,451.89
267,3,81.44999999999997
34,26,403.94
18,3,50.38
173,11,104.39
3,44,228.64999999999995
141,26,462.36
202,2,75.9
65,7,159.35
36,42,170.42000000000004
41,49,557.7999999999998
284,2,36.8
10,10,174.89999999999995
144,1,53.1
12,3,10.75
146,13,70.21
235,1,19.8
33,175,1033.0800000000004
25,32,198.05
12,23,186.96000000000004
36,15,429.75000000000006
365,8,20.55
285,1,23.4
16,10,130.42999999999998
17,68,1324.6800000000007
213,1,15.0
66,17,304.76
213,3,51.00000000000001
283,3,42.8
115,4,57.0
15,13,233.95
19,35,976.69
67,3,103.6
50,1,24.9
17,24,167.73
20,13,201.21
135,5,42.48
13,17,207.16000000000003
41,3,31.75
236,3,13698.5
3,51,417.85
40,72,428.15
52,7,105.33
11,27,465.07
62,34,90.83
66,10,178.09999999999997
25,1,29.700000000000006
359,1,5.04
66,11,151.49
32,15,244.99
89,45,794.6299999999999
65,1,15.0
204,6,71.5
8,27,10867.38
6,2,18.4
69,5,75.0
246,1,17.700000000000006
134,5,69.82
242,5,296.85
243,9,160.1
26,3,55.7
10,9,481.22
11,1,19.8
33,19,449.02000000000015
47,61,1195.53
27,39,144.45000000000005
359,5,56.94
11,7,37.14
44,10,244.7
40,2,93.36
150,12,198.37
2,33,624.5300000000002
305,1,244.8
76,18,140.59
108,26,181.64
47,13,194.59
52,2,119.54
1,34,501.41000000000014
24,68,1173.3200000000004
47,4,139.85
51,12,253.58
307,25,441.25
37,7,102.29
171,16,253.70000000000005
23,29,470.89000000000016
108,11,479.2
208,7,208.0
17,15,492.5100000000001
64,5,268.02
50,24,318.57
320,2,15.9
45,12,93.25
4,8,317.0
173,5,59.22
57,13,331.3400000000001
74,23,390.91
100,13,177.17999999999995
38,4,53.36
59,16,195.01
255,12,179.79999999999995
71,64,527.1799999999998
45,12,205.48
51,2,29.75
65,5,85.5
12,40,5408.04
34,16,277.1
59,5,72.36
73,4,80.94
304,3,43.2
47,1,10.2
18,25,703.4300000000002
39,4,53.1
20,23,55.96
198,4,11.57
52,6,21.22
5,23,367.19999999999993
137,13,142.29999999999995
5,124,3059.1299999999987
19,5,140.1
16,34,196.54999999999995
41,26,184.47
13,100,528.4700000000001
9,17,105.92000000000002
26,3,21.4
27,4,398.28000000000014
41,7,116.9
102,11,71.47000000000001
6,95,919.6
278,4,63.88999999999999
33,24,148.94
15,24,70.94999999999997
64,25,1259.52
2,29,105.09
313,7,88.85000000000002
199,1,5.9
3,15,74.73
94,1,17.700000000000006
61,3,32.35
81,2,14.07
157,4,10.94
227,11,112.78
150,3,14.33
195,6,26.65
2,4,81.55
24,6,30.28
17,20,63.99
10,17,1038.4800000000002
9,9,36.96
20,36,393.33
4,47,238.41
174,1,19.8
1,52,206.56
234,2,43.35
17,31,311.07999999999987
248,2,14.750000000000002
191,5,34.550000000000004
20,23,82.49000000000002
155,11,22.880000000000006
173,4,40.97
195,2,22.4
68,4,75.8
5,16,300.02
22,12,176.90000000000003
240,4,323.94
65,1,19.8
135,13,1160.08
134,2,57.7
277,1,17.700000000000006
83,7,301.96
9,13,190.89
17,4,67.64
32,22,339.99000000000007
9,10,154.25
34,14,119.41
16,16,264.81
25,28,931.21
32,8,42.97000000000001
75,1,3.95
20,7,111.56
18,28,199.49000000000004
24,17,63.95
3,1,39.8
304,2,33.0
53,5,383.7
40,41,717.5900000000001
85,7,103.65
166,26,89.25999999999998
18,9,87.41000000000003
78,6,132.28
89,7,412.87
25,22,614.5
23,13,106.53
3,46,398.7199999999999
124,6,288.6
31,2,30.0
13,21,104.59
20,3,34.7
45,14,180.88
4,1,13.52
9,119,599.8899999999999
55,7,107.15
89,17,114.88000000000004
37,115,733.42
3,2,2771.4
30,19,511.83
13,41,99.64
212,1,23.1
48,82,384.52
24,8,97.3
33,18,201.21
246,10,30.850000000000005
9,43,680.8999999999997
36,9,113.79
8,37,8886.72
153,31,136.86000000000004
4,29,96.26
4,29,213.18
48,3,12.0
40,8,170.97
47,32,816.5900000000001
17,11,206.29000000000005
261,14,110.58
47,12,51.14
13,16,79.81
30,5,84.9
44,6,42.36
138,3,176.25
45,28,14748.47
310,6,77.2
93,25,98.70999999999998
6,244,1933.61
209,4,76.35
88,10,162.09
270,7,270.70000000000005
8,7,171.50000000000003
66,18,436.15
142,1,208.8
23,14,211.93
38,8,130.7
120,21,358.96
41,59,181.09
174,2,32.52
55,6,60.5
33,11,171.13000000000005
146,10,98.98
221,3,60.65
46,16,166.07999999999996
17,31,574.4
72,26,200.25000000000009
10,15,298.94
261,4,57.10000000000001
17,18,185.62
23,5,164.70000000000005
45,4,58.540000000000006
289,4,162.85
4,28,524.97
17,9,533.88
82,1,41.6
57,40,476.8899999999999
101,3,235.79999999999995
300,13,194.25
24,34,236.17
60,5,120.64
155,1,15.0
115,9,146.39999999999995
107,1,17.0
12,14,224.62
265,3,64.98
241,3,55.3
88,13,390.4500000000001
138,6,109.5
71,16,266.98
43,15,423.36
8,9,238.54
62,4,73.9
249,1,20.4
66,2,28.28
104,4,392.4
85,14,279.00000000000006
219,3,47.64
46,71,312.1400000000001
334,1,4.5600000000000005
184,7,44.2
171,2,34.65000000000001
10,60,352.3
212,7,167.82
190,3,23.73
9,3,80.4
60,4,248.48
58,44,204.67000000000004
113,5,72.72
52,2,30.0
318,1,33.9
30,19,1079.75
40,13,202.48
18,19,373.66
52,12,616.52
4,57,1716.15
22,4,63.3
263,4,61.95
60,12,186.66000000000003
19,6,87.7
66,6,78.98
89,6,117.49
250,10,160.38
4,17,266.6
9,47,743.1300000000001
204,7,135.49
134,3,55.5
297,1,76.32000000000002
5,3,48.8
43,16,298.50000000000006
269,3,193.5
50,20,367.29
9,23,503.99
16,5,132.15
282,2,45.0
86,3,86.94
2,85,1034.95
233,1,415.00000000000006
18,7,259.76
34,19,979.16
9,18,363.01999999999987
51,14,174.82000000000005
96,13,206.12
16,21,360.58
127,8,565.95
95,9,159.90999999999997
51,2,34.8
139,2,48.0
61,1,20.28
101,40,1966.55
74,1,19.8
73,3,556.8
68,5,107.13
65,8,196.24
17,8,114.45
23,38,697.9199999999997
32,62,1435.37
45,15,170.86
16,2,29.95
41,1,89.85
3,34,1645.34
237,1,15.0
76,4,117.3
5,23,124.0
4,17,281.6
361,3,30.12
59,4,68.4
24,9,66.75
31,21,196.11999999999995
55,14,88.26
26,3,46.9
45,11,84.96
89,10,1486.7700000000002
2,18,1582.18
89,3,37.6
20,10,189.29999999999995
79,2,27.6
171,8,147.72
81,3,60.90000000000001
268,8,157.63000000000005
236,2,30.65
30,16,753.4199999999997
37,14,87.50000000000001
319,27,175.25
58,18,269.88000000000005
150,26,162.19
208,3,148.5
88,10,278.26
190,6,94.7
44,7,145.0
72,2,39.84
41,8,198.34
79,2,30.76
190,2,90.6
25,23,764.1199999999999
10,135,467.7099999999999
9,58,784.98
34,13,155.83999999999997
212,6,105.9
24,19,270.16
171,3,24.81
62,1,17.700000000000006
53,14,316.4500000000001
262,2,35.4
67,28,863.9900000000004
17,50,444.35000000000014
267,4,204.3
177,1,21.95
46,27,978.1699999999997
51,6,386.15
18,23,125.98000000000002
10,55,1165.89
74,17,178.97
72,11,203.44000000000003
354,15,271.0
16,25,218.37
117,5,85.44999999999997
197,9,148.01
177,2,117.0
101,4,67.9
22,19,252.31000000000003
73,3,544.6800000000002
340,2,12.7
6,44,388.97
32,19,162.80000000000004
122,5,74.78
22,26,438.65
25,8,131.65
269,3,45.5
23,9,163.24
127,4,66.72
26,27,767.66
139,7,130.6
302,8,136.37
107,10,174.52
18,9,145.59000000000003
50,3,51.90000000000001
331,3,40.8
65,30,758.5500000000002
120,13,255.51
36,1,17.700000000000006
2,6,59.32
197,1,207.50000000000003
129,24,76.87000000000003
47,4,118.5
6,64,647.84
15,55,704.3700000000001
18,10,42.33
29,31,337.52999999999986
8,12,8417.36
37,3,49.65
158,1,11.9
285,5,29.3
108,46,160.04999999999995
25,13,255.85
76,3,69.15
17,5,49.76
159,2,101.1
45,7,111.8
12,17,147.32999999999996
33,49,274.14
291,4,15.38
22,10,178.2
333,1,19.5
18,5,80.6
8,20,1494.9499999999996
74,10,112.5
198,6,44.71000000000001
34,8,152.07
2,18,400.02
95,15,258.85
5,134,726.4099999999997
10,19,130.00000000000003
33,9,91.0
54,1,15.0
12,14,196.91
18,12,562.8500000000001
19,2,35.40000000000001
38,26,192.68
3,18,109.45000000000002
19,30,350.29999999999984
83,48,270.98
34,17,65.55000000000001
67,24,77.64000000000001
9,26,213.62
268,1,390.0
297,7,106.4
5,20,402.36
62,5,238.15
75,17,103.3
264,5,80.25
61,7,70.34
29,13,43.23
54,8,255.7
270,14,90.12
3,60,502.34
57,18,339.7700000000001
61,47,335.05000000000007
155,12,215.75
20,13,81.3
95,5,50.88
2,47,1199.97
313,1,15.0
71,6,126.85
19,14,48.32000000000001
13,26,367.0
37,36,327.24
20,7,25.660000000000004
54,4,26.3
57,6,61.64999999999999
22,3,52.4
45,10,16.13
27,17,349.72
45,27,119.76
129,10,238.55
18,75,6592.329999999999
25,2,77.34
192,1,15.9
303,2,30.6
3,73,358.61999999999983
264,2,40.08
107,2,284.55
214,13,95.38
65,1,19.92
29,5,40.6
30,24,334.92
6,15,71.63
8,51,550.5000000000001
68,5,80.3
2,29,76.62000000000002
47,19,108.0
34,11,46.26
206,1,1.25
136,7,72.35000000000002
199,2,20.64
198,8,137.84
150,3,66.06
88,7,126.32
45,1,1.0
64,16,296.45
100,23,288.54
219,1,17.700000000000006
3,39,699.5699999999998
29,20,108.71
178,5,26.75
74,1,68.0
22,15,252.59000000000003
20,51,341.7199999999998
34,36,384.91
75,2,74.9
24,38,143.82000000000005
52,43,267.48
275,2,36.2
165,3,51.0
8,65,336.62000000000006
89,5,167.1
64,30,503.70000000000016
26,4,67.98
11,8,59.63
76,16,203.26
16,4,48.42
193,6,58.55
191,5,71.7
78,9,63.22000000000001
34,4,72.88000000000002
47,11,264.5
80,18,454.93
297,12,188.16000000000003
4,19,118.81
9,21,352.85
50,17,343.44000000000005
162,4,19.8
361,7,122.6
331,1,165.0
107,17,302.10000000000014
26,17,120.68
41,1,19.8
297,5,117.55
22,43,251.50000000000003
20,5,106.1
53,25,316.55
31,1,15.6
278,4,33.0
62,8,150.58
26,1,25.0
187,10,63.85
2,55,1698.6399999999994
38,27,2205.24
172,1,10.0
82,3,61.40000000000001
4,2,23.520000000000003
191,3,40.8
23,16,276.61
18,1,2232.0
20,42,264.7
6,6,79.58
111,11,107.8
3,8,327.21
54,3,79.89999999999998
291,3,70.2
11,191,767.7400000000004
109,42,334.0499999999999
96,8,169.50000000000003
243,1,17.700000000000006
164,15,931.0
43,14,224.05
36,3,37.86
67,35,510.5699999999998
138,1,12.5
1,84,1738.59
27,11,141.97
6,5,76.22
54,4,341.82
365,2,155.85
193,1,29.7
195,8,155.61
4,1,10.5
16,23,807.65
27,13,214.62
128,7,137.55
85,9,118.35
72,6,121.79999999999998
183,1,10.2
114,2,180.12
81,2,44.76000000000001
249,3,178.2
233,5,90.15
72,5,74.9
69,2,44.55
5,44,826.25
51,4,63.15
76,12,44.44
62,25,91.83999999999996
16,1,16.6
5,3,63.5
286,2,21.6
5,15,204.78000000000003
41,8,58.41
37,9,148.20000000000005
75,9,133.25
18,28,473.44
16,45,871.0500000000002
220,1,9.96
187,2,17.54
33,12,208.20000000000005
71,9,170.2
183,3,52.08
16,2,60.40000000000001
236,2,68.7
32,25,779.3099999999997
4,2,40.3
52,7,152.05
81,8,190.44
275,4,55.44
1,43,883.6800000000002
80,4,47.19
30,17,274.94
74,21,153.74999999999997
18,26,519.4399999999998
33,19,290.44999999999993
100,20,308.3
32,16,483.45
106,4,88.34
5,9,164.04
246,7,117.01
178,14,181.94
170,6,74.04
43,2,30.0
72,3,60.6
59,21,1071.29
17,9,199.7
142,8,126.91
18,54,707.1399999999996
43,12,1889.16
10,37,137.27
190,1,20.4
17,6,731.9
363,3,23.4
20,9,54.21
69,14,146.13000000000005
16,2,30.6
24,38,392.33
31,57,896.17
3,20,1149.5
55,16,46.49
34,21,362.54
3,35,773.5199999999999
44,3,56.9
78,6,171.42
5,11,469.19999999999993
5,57,14708.959999999995
62,14,65.38000000000001
48,118,637.1099999999999
2,12,222.72
76,2,53.64000000000001
73,5,69.93
257,2,158.5
69,13,101.6
214,2,213.3
242,1,8.25
254,1,204.0
9,59,946.0
9,29,1000.3099999999997
1,47,2294.3399999999992
38,18,72.62
46,10,183.0
85,16,538.5
20,71,420.5399999999999
27,4,256.08
19,69,570.25
19,115,1308.1199999999994
318,19,170.8
79,1,3.8
267,1,166.8
24,35,690.3700000000001
15,33,268.18
27,4,21.25
263,7,87.82000000000002
18,34,823.98
108,5,87.35000000000002
303,29,147.37
27,30,249.07
365,4,28.85
47,50,172.04999999999995
39,130,1462.8099999999995
53,18,123.87000000000002
32,7,144.12
53,10,78.85999999999999
79,19,385.8
177,3,86.8
47,1,464.9
30,42,541.14
12,43,189.5
87,85,1721.9599999999994
5,71,1090.9299999999996
38,11,190.87
18,15,343.9000000000001
45,22,187.33
31,4,177.24
59,7,29.450000000000006
115,39,325.71
215,5,90.9
319,2,60.60000000000001
66,3,33.15
8,7,131.76
97,4,85.2
20,13,258.02
199,4,143.1
4,130,535.8399999999998
274,8,270.3
31,48,982.7200000000003
48,12,95.7
261,8,77.35
58,28,188.46
34,62,527.5299999999999
58,5,24.1
68,9,126.25
58,26,218.8
61,20,116.14999999999998
81,14,56.82
75,5,71.0
3,74,2278.17
101,12,86.74
18,37,474.75
124,37,128.67
9,2,27.5
4,16,250.30000000000004
30,63,397.90999999999985
283,1,5.1
58,3,36.46
2,44,261.11
90,2,34.739999999999995
12,41,279.14
164,21,411.6
66,3,36.49
24,11,81.0
174,24,103.4
104,21,192.49
143,11,177.62
100,4,44.1
24,28,174.44999999999993
193,5,90.8
5,7,117.49
361,1,14.85
9,96,436.51999999999987
15,47,977.7000000000003
150,6,75.1
3,12,127.64
11,29,564.16
96,5,75.42
228,7,75.35000000000002
16,4,54.96
39,3,59.4
52,6,97.8
94,3,47.4
157,2,59.40000000000001
39,4,63.65
218,1,4.95
2,9,152.13
228,4,70.24
129,1,20.8
40,2,30.980000000000004
32,28,536.14
198,3,43.6
9,48,2607.4500000000007
37,29,532.16
101,8,125.04
43,90,2456.859999999999
51,1,24.96
44,2,26.8
53,4,87.9
187,3,47.7
334,5,82.5
5,4,58.79999999999999
177,2,34.85
24,3,46.05
15,1,17.700000000000006
145,12,221.07
32,5,135.07999999999998
141,2,40.65
23,25,148.43
23,25,520.24
78,1,49.95
5,55,1323.2099999999996
68,22,399.85
13,21,149.66
85,1,2.55
31,38,326.13999999999993
67,1,432.0
67,7,134.04000000000002
188,3,16.65
38,3,52.96
16,21,99.36
36,9,52.16
195,25,317.27
2,33,132.29000000000002
2,20,114.46
65,16,57.42
314,10,66.28
27,29,79.78999999999998
8,20,158.14999999999995
17,23,215.47
117,10,606.64
30,9,66.89
5,138,851.1400000000001
6,53,788.1899999999998
82,20,182.04
30,27,262.35
73,2,24.36
5,90,239.81999999999996
29,22,488.6
291,1,1.25
37,5,15.1
45,13,61.44
24,19,63.53
277,3,218.62
64,23,223.76
157,67,534.44
62,12,50.3
13,142,1355.94
22,14,149.26999999999995
87,30,410.3999999999999
4,16,255.66
27,12,47.59
6,172,876.2700000000003
54,13,28.309999999999995
2,9,99.45000000000002
55,9,122.45
26,16,51.95
9,52,426.3100000000002
53,55,481.4900000000002
13,39,349.93999999999994
212,8,204.18
22,53,852.7799999999999
236,1,15.0
139,5,138.6
41,9,99.43
57,10,244.22000000000003
137,10,194.81
110,3,26.23
17,14,658.4000000000002
185,6,118.21
18,1,13.5
240,4,79.2
88,2,25.8
39,19,81.22000000000001
117,4,65.3
188,2,32.550000000000004
227,6,76.59
198,6,329.64
190,5,80.7
5,7,76.94999999999997
40,10,119.42
39,5,29.78
268,1,175.2
78,11,98.54
4,18,559.6099999999999
256,14,129.25
61,5,86.5
13,29,235.37
89,98,1088.66
18,21,973.04
31,1,62.40000000000001
4,28,415.79999999999984
6,1,10.2
11,21,346.05
31,6,226.24
289,3,195.0
75,2,29.3
1,34,722.4499999999998
86,13,434.66
47,13,386.28
5,12,198.41
51,6,157.47
19,1,10.08
31,5,87.29999999999998
9,16,101.34
29,46,404.93
3,34,1113.8600000000004
41,4,176.1
12,37,151.99
32,1,6.959999999999999
158,1,31.25
61,1,90.0
79,38,239.02
64,1,2.9
12,4,66.6
87,7,238.68
17,7,170.07999999999996
246,5,73.92000000000002
88,13,222.09
31,5,15.15
138,4,56.7
27,14,166.26
3,24,264.61
33,20,548.4499999999998
26,2,381.6
114,4,60.29
158,4,154.38
86,12,199.8
118,8,188.35
3,55,891.8599999999997
97,53,528.96
195,9,57.40000000000001
29,14,62.49
131,2,90.9
29,14,197.35
82,12,202.49
30,80,467.48
267,1,17.700000000000006
74,22,724.9
314,10,70.75
22,13,237.98
183,14,151.75
13,56,891.4899999999997
29,31,546.13
115,15,73.41
29,32,574.4599999999998
18,29,244.16
18,18,176.43
37,5,123.0
37,5,104.24
23,1,20.4
26,17,57.27
34,14,260.25
110,10,258.66
36,21,397.24000000000007
124,47,437.38
8,23,839.3
29,22,394.95
89,15,510.15
3,38,673.0699999999998
51,21,251.47
323,1,47.7
23,8,94.55
16,9,204.58
19,12,183.16
30,8,332.44000000000005
160,14,104.18
34,79,1846.1600000000005
33,15,130.94
166,6,93.0
48,5,57.6
6,29,192.74
183,4,66.6
289,1,6.6000000000000005
318,2,22.56
4,11,181.86
234,6,115.05
162,2,69.6
186,6,35.13
51,8,36.15
153,46,199.22999999999996
335,4,28.55
6,29,584.63
16,6,631.95
107,3,56.6
17,4,77.46
276,3,53.5
16,105,2423.270000000001
248,5,37.0
240,2,54.75
2,11,177.98999999999995
106,10,165.75000000000003
23,14,394.77
52,2,24.9
195,3,220.1
25,2,25.9
76,5,63.72
18,9,182.21
177,2,39.90000000000001
33,9,189.59
22,20,274.73
32,45,630.2100000000003
29,21,360.19000000000005
79,1,34.0
33,31,545.92
285,1,17.700000000000006
204,3,31.65
58,12,193.41000000000003
290,1,25.5
79,3,91.56
6,25,1102.5000000000002
218,1,10.5
45,17,373.9
202,2,30.3
179,10,95.4
57,32,213.56999999999994
58,4,33.2
33,13,748.6099999999999
227,2,31.6
12,21,484.76
107,15,113.44000000000004
59,4,70.95000000000002
29,29,326.89
36,9,413.34
361,4,51.92
30,6,108.3
24,6,59.56
54,5,12.77
36,27,773.1899999999998
176,6,192.45
54,1,72.0
27,39,449.91
254,1,60.0
41,36,661.3100000000002
61,18,179.4
5,52,375.46999999999986
32,5,32.0
25,90,641.6399999999999
8,18,69.86000000000001
66,2,19.8
311,4,15.05
309,4,85.35
19,7,236.35
16,41,377.49000000000007
97,9,38.67999999999999
265,17,891.42
13,122,684.5799999999998
3,3,31.73
36,2,33.25
183,1,3.75
26,3,16.44
13,21,211.74
12,3,37.91
3,110,716.7099999999997
313,3,89.5
109,5,170.04
6,90,1746.3700000000006
54,7,117.75
205,1,15.3
16,15,59.22
121,16,51.60000000000001
4,10,62.89999999999999
363,6,52.95
187,16,41.75
19,6,64.35
5,19,38.5
41,20,62.40999999999998
108,3,24.4
149,8,50.12000000000001
228,2,251.1
209,3,10.5
139,15,73.23000000000002
4,18,62.79
128,4,14.78
47,23,471.48
36,2,9.45
228,10,113.37
242,3,52.98
58,3,92.28
131,17,592.3600000000001
61,56,335.3699999999999
22,9,44.95
27,26,189.29
13,20,178.44
32,20,150.38000000000005
4,19,113.7
31,32,431.85
29,13,109.96
18,12,18.83
102,9,130.78
12,14,123.28
22,7,26.5
15,19,289.2000000000001
362,12,49.72000000000001
11,10,1221.9
96,4,17.5
79,8,267.26
156,2,1.7999999999999998
32,9,932.34
25,18,390.05
2,97,1273.0799999999995
90,1,76.32000000000002
101,11,173.73999999999995
68,17,131.31
16,48,242.13999999999993
22,4,108.26
281,2,39.6
15,8,186.43
68,1,45.0
86,5,80.4
309,2,30.24
152,114,413.46
18,139,1158.1899999999996
95,4,141.96
30,70,2169.7700000000004
157,5,107.02
356,1,1.7399999999999998
47,6,22.1
16,21,167.74000000000004
4,99,589.8699999999999
15,40,193.95
180,1,12.75
9,19,289.9600000000001
37,6,66.95
155,2,435.0
51,4,434.56
312,1,4.25
25,8,51.11
304,14,82.89
12,5,46.3
18,27,104.87000000000002
187,3,50.5
240,9,102.35
1,68,746.58
13,97,1081.11
239,7,44.02
24,23,325.47
73,6,93.86
18,18,66.73
41,46,226.13000000000008
41,7,79.79
219,8,141.15000000000003
200,15,98.02
71,10,73.3
24,78,603.3499999999998
12,21,121.44
25,20,3065.4
5,16,82.94000000000003
20,6,53.03
15,6,70.34
8,9,1407.2800000000002
20,17,162.37
132,4,71.9
1,38,4096.219999999998
165,1,203.52
307,19,127.28
220,1,29.7
40,5,2242.6
23,14,150.82000000000005
115,10,164.96
127,36,290.58
5,8,525.34
37,5,26.38
2,12,153.19000000000003
334,17,435.7
164,2,32.65
249,5,260.55
17,8,130.74
76,3,48.5
24,15,266.62
44,4,756.4
80,2,77.19999999999997
30,53,1388.71
43,7,104.21
12,34,761.3000000000002
51,2,41.6
17,27,458.91000000000014
47,9,273.02
61,12,199.6
9,62,1028.95
1,73,4117.690000000001
129,8,91.41
33,1,17.700000000000006
314,5,37.5
19,11,97.19
89,11,49.65
3,25,373.13000000000005
2,3,63.3
254,5,119.85
157,1,30.6
37,28,472.12000000000006
177,2,26.4
41,7,93.82
3,64,571.8100000000002
11,64,36160.84000000001
2,20,336.92
18,8,239.55
234,13,81.40000000000002
204,1,17.700000000000006
127,3,221.95
16,17,90.43
44,24,97.5
95,3,64.0
23,28,179.89
61,2,27.6
17,40,359.14999999999986
159,2,86.4
11,7,128.15
15,1,30.0
17,12,261.40000000000003
45,14,163.16999999999996
192,36,154.38
80,2,27.6
78,8,171.33999999999997
4,15,208.26
66,4,62.7
262,5,74.28
59,8,132.04000000000002
1,17,590.21
2,14,442.2
249,3,129.15
8,4,66.82
359,2,57.15000000000001
76,2,41.56
290,5,59.46
30,1,16.5
221,6,87.15
10,5,98.1
3,4,36.78
207,26,677.68
162,10,206.6
76,1,22.5
262,16,100.95
58,73,1260.53
25,1,12.6
3,175,16805.440000000002
155,14,452.35
129,5,26.500000000000004
32,15,114.49
16,29,161.36
309,3,52.2
18,12,306.25
54,6,107.84
30,8,110.96
2,12,144.3
12,6,80.94
360,3,110.1
5,2,102.3
54,10,158.23
2,49,825.7199999999998
2,49,339.06000000000006
191,2,57.0
54,1,30.0
281,2,25.2
30,25,280.8299999999999
26,3,23.76
25,5,137.7
270,3,14.3
44,28,93.23000000000002
234,1,16.5
24,2,57.18000000000001
198,9,50.94
360,12,82.2
72,3,69.6
130,1,1250.0
2,13,284.17
20,22,124.41
206,1,24.9
15,10,158.04999999999995
95,4,157.85
20,4,22.63
52,12,204.36000000000004
25,8,73.1
9,32,206.87
8,31,753.56
333,5,44.6
51,54,306.1699999999998
72,1,13.05
30,5,90.22
243,3,86.10000000000002
9,77,731.28
219,1,18.72
5,10,127.44
253,10,98.16000000000004
1,74,1529.5099999999998
237,8,87.66000000000003
8,10,393.7
110,42,224.65000000000003
101,2,43.7
61,48,459.37999999999977
3,37,272.97
74,13,252.47000000000003
4,35,677.83
86,5,108.0
13,15,76.57000000000002
24,47,613.3599999999999
214,12,576.1200000000001
18,5,70.14
3,94,840.2799999999999
79,3,37.38
218,16,77.67
34,12,32.629999999999995
41,48,261.33000000000004
8,119,731.3400000000001
54,35,671.71
23,51,674.07
58,22,80.08
204,2,36.7
174,1,163.2
6,18,293.7
313,21,56.38
60,2,40.8
22,5,421.2
33,8,152.61
15,5,82.0
19,76,479.38
6,25,419.23000000000013
170,3,61.6
2,9,121.25
32,14,215.56
37,56,434.78
20,6,71.38
32,6,108.19
277,1,22.5
87,1,236.88
120,6,101.68
2,38,828.5399999999997
220,8,141.9
61,18,347.45
139,11,174.19000000000003
22,2,50.1
12,48,773.0199999999996
26,47,928.87
37,14,371.26
11,10,187.39000000000004
74,19,408.62
26,7,232.04
18,32,583.0799999999998
142,8,71.67
26,24,546.99
19,6,91.58
66,1,25.5
67,25,446.77
2,2,83.1
86,13,554.3
228,3,50.4
16,5,269.4
51,26,830.74
2,48,288.29
75,4,76.92000000000002
2,127,3615.15
59,6,101.72
2,61,2805.13
264,2,42.66
53,7,512.75
24,4,63.80000000000001
11,19,351.0900000000001
44,4,78.1
17,29,537.3
8,71,1434.9599999999996
31,54,913.8300000000003
359,1,15.9
128,8,135.07
138,2,32.4
142,4,78.46
132,6,93.4
39,29,603.82
237,3,42.9
17,21,339.04
253,5,98.0
31,15,210.44000000000003
36,6,108.84
169,8,267.26
4,18,313.00000000000006
5,76,2040.7100000000007
337,1,15.0
188,11,64.30000000000001
170,3,39.5
290,1,20.28
45,9,155.04000000000005
321,1,15.0
30,52,1178.7099999999996
233,3,63.45
38,46,937.9
114,10,341.71
97,17,526.0699999999998
192,2,474.40000000000015
72,8,217.7
17,41,672.9999999999999
16,17,290.58
4,35,641.8800000000001
4,43,870.9199999999997
129,9,138.64
39,7,79.78999999999998
137,5,101.1
3,130,2306.830000000001
114,4,52.48
20,17,377.95
12,9,547.4799999999998
333,4,76.47
4,17,286.6
241,1,31.6
179,5,105.34
6,36,385.77
1,19,190.67
2,125,1215.3900000000006
20,77,639.8300000000003
18,14,69.98
33,4,104.07
51,14,184.23
211,9,54.17
16,5,37.1
9,20,341.47
13,62,739.3199999999998
276,5,235.3
57,15,80.34
11,16,40.0
97,24,177.1
25,38,139.48000000000002
22,11,69.72
160,1,7.95
73,6,31.92
54,3,37.35
86,18,78.45
153,14,175.90000000000003
74,2,829.45
282,2,18.9
27,38,405.76999999999987
26,13,51.28999999999999
180,11,45.56999999999999
41,10,94.75
23,21,134.84
23,77,520.9299999999998
38,17,215.65
83,24,195.68
74,3,216.66
12,10,156.70999999999995
17,8,673.7400000000001
5,173,1638.2500000000002
13,15,67.55000000000001
15,81,363.75999999999993
37,3,8.14
5,6,33.43
72,7,516.35
52,2,40.08
6,48,482.93
2,8,151.3
50,13,28.78
3,9,36.68000000000001
48,3,23.15
43,35,327.72
27,21,410.85000000000014
43,18,77.14
2,1497,7535.589999999971
304,6,21.58
82,12,366.94
219,5,63.55
12,9,42.4
186,4,37.75
2,2,105.0
18,11,4185.5
6,36,1038.4
305,5,7.52
4,52,457.21999999999986
324,1,90.0
60,18,322.76
13,21,123.59
31,66,1837.8400000000006
31,19,108.77
108,8,114.4
3,45,255.94000000000003
205,5,54.48
81,11,436.27
226,6,38.95
171,1,20.4
44,5,54.96
174,2,5.8100000000000005
365,7,138.9
305,1,4.95
4,26,146.91999999999996
4,17,123.5
13,12,33.33
32,15,70.97
130,3,9.2
39,16,225.61
213,3,32.65
323,24,143.3
163,7,34.85
58,6,32.2
226,2,15.54
72,41,178.41
45,3,26.88
173,13,40.34
86,7,27.64
160,10,47.6
191,1,15.0
30,2,6.44
22,9,51.3
157,3,103.44
248,2,9.45
10,7,38.16
311,7,50.9
59,12,59.25
4,14,60.09000000000001
46,24,99.8
89,6,288.24
5,134,906.7299999999997
65,21,116.05
12,5,413.4
134,5,58.39
46,6,70.53
113,1,272.0
36,8,377.63999999999993
135,11,48.45
30,17,234.85
59,6,233.91
142,2,5.5
6,20,104.09000000000003
9,11,915.06
160,4,38.44
165,3,483.34
234,5,21.55
38,2,45.04
57,12,6901.580000000001
73,7,34.15
40,4,241.08000000000004
6,103,489.93
199,3,212.95
67,7,22.62
117,2,397.8
172,3,4.19
22,51,254.57
143,9,24.96
32,15,57.28
38,72,695.1800000000003
152,11,105.98
167,6,36.5
212,4,47.1
242,6,28.64
52,2,39.66
25,32,176.74
16,66,1154.62
30,3,99.25
36,27,115.35
205,10,94.70000000000002
146,11,31.15
23,4,92.85
186,4,41.85
12,5,10.509999999999998
237,10,213.65
122,21,223.77
75,34,486.23999999999984
38,11,49.26000000000001
13,19,163.65
363,6,15.95
4,14,44.10000000000001
24,6,91.45
71,5,66.77000000000001
236,6,54.85
257,1,2.5
156,12,80.33
29,7,27.65
5,12,30.559999999999995
33,24,282.42
170,1,179.0
109,3,6.799999999999999
36,32,86.43999999999998
153,8,179.79
99,5,46.3
5,2,85.05
335,2,32.4
66,4,10.99
22,17,56.08
36,8,75.64
33,15,79.82
155,6,13.25
246,3,70.80000000000003
12,90,1043.13
54,1,14.85
25,10,37.87
5,22,423.41
46,4,17.94
204,2,17.32
360,1,15.0
71,5,86.89999999999998
8,77,1503.0300000000007
289,5,116.65
10,1,81.6
45,3,41.12000000000001
66,9,262.25
174,2,47.1
6,32,568.9100000000002
76,2,65.7
41,4,70.45
27,99,491.66
258,2,29.3
186,2,12.84
115,15,434.34
24,31,540.85
9,37,452.95999999999987
218,6,94.0
46,28,748.24
113,2,47.40000000000001
26,9,87.78999999999998
331,5,63.2
275,2,35.099999999999994
62,10,43.42000000000001
3,22,3084.7200000000007
94,10,604.0400000000002
82,13,433.86
313,9,314.45
12,53,291.47
8,21,515.58
128,6,53.91999999999999
12,13,77.75
2,76,48060.34999999999
38,4,83.75999999999998
38,6,13.849999999999998
330,8,152.79999999999995
255,4,58.6
2,84,1735.5400000000004
20,8,51.2
13,4,72.5
291,6,50.6
68,84,298.12999999999994
26,10,60.81
11,238,1131.8199999999995
215,3,22.75
155,10,222.47000000000003
9,79,372.11
25,9,120.65999999999998
30,43,249.28000000000003
61,13,76.22000000000001
20,9,52.55
244,1,12.75
16,16,229.89
30,6,355.9899999999999
64,7,162.44
296,1,9.9
18,42,1635.7200000000007
158,5,292.92
117,17,289.3900000000001
31,11,701.1999999999998
13,41,491.54999999999984
221,1,17.700000000000006
46,1,39.6
216,1,19.0
33,9,154.5
135,9,185.95
4,4,88.8
76,7,109.4
13,21,120.91
10,11,146.1
302,2,33.300000000000004
58,14,239.74999999999997
16,14,271.26000000000005
38,1,10.5
178,3,113.04
36,3,115.5
177,17,150.61
61,2,75.9
34,7,184.15
59,12,319.85
36,38,2034.4999999999993
87,5,315.42
359,1,17.4
32,13,254.55
129,21,332.62999999999994
10,23,359.09
5,24,353.44
25,15,125.60000000000002
228,7,102.6
250,1,17.700000000000006
16,18,555.36
78,11,172.15000000000003
331,2,37.6
72,7,131.0
166,2,32.46
83,5,653.8399999999998
96,24,123.2
5,36,1160.77
107,8,21.88
200,14,308.9600000000001
158,6,34.0
72,50,496.75999999999993
37,5,66.45
2,23,408.82999999999987
44,10,150.55
327,17,95.15
237,2,27.9
32,5,111.1
30,5,94.7
282,6,108.96
3,21,330.99
227,1,152.64
23,10,145.07999999999996
5,41,956.5400000000003
4,56,1175.0199999999998
45,45,1112.96
80,6,105.49
12,30,1626.5399999999993
10,14,490.44
193,22,444.7000000000001
82,7,111.2
72,25,392.57
30,9,140.29999999999998
3,12,215.04
219,12,232.24999999999997
47,1,297.0
10,19,344.98999999999984
73,16,682.5700000000003
8,40,673.61
123,12,216.91
18,2,29.22
311,8,130.62
88,3,444.96
51,22,119.06
40,22,394.39000000000016
25,4,246.2
173,30,571.89
44,6,99.5
141,1,2.88
26,10,206.12
73,9,157.88
39,3,50.3
3,38,642.44
31,2,30.15
44,4,67.68
59,4,48.78
278,2,38.7
181,2,31.8
8,2,30.700000000000006
4,152,432.92999999999984
43,15,395.76