DATE,SP500,Bonds,Gold,Oil
2007-06-29,1503.35,402.15,648.5,70.47
2007-07-02,1519.43,402.96,650.5,71.11
2007-07-03,1524.87,402.02,657.25,71.41
2007-07-05,1525.4,400.15,655.9,71.81
2007-07-06,1530.44,399.31,647.75,72.8
2007-07-09,1531.85,400.22,657.0,72.14
2007-07-10,1510.12,402.47,661.15,72.8
2007-07-11,1518.76,401.73,664.0,72.58
2007-07-12,1547.7,400.94,663.0,72.55
2007-07-13,1552.5,401.22,667.5,73.89
2007-07-16,1549.52,402.76,667.25,74.11
2007-07-17,1549.37,401.9,663.15,74.03
2007-07-18,1546.17,403.2,667.75,75.03
2007-07-19,1553.08,402.84,673.0,75.9
2007-07-20,1534.1,403.95,676.0,75.53
2007-07-23,1541.57,403.92,683.5,74.65
2007-07-24,1511.04,404.4,682.75,73.38
2007-07-25,1518.09,405.1,677.25,75.74
2007-07-26,1482.66,407.43,675.4,74.96
2007-07-27,1458.95,406.49,663.5,77.03
2007-07-30,1473.91,406.27,661.5,76.82
2007-07-31,1455.27,406.99,666.75,78.2
2007-08-01,1465.81,407.23,660.25,76.49
2007-08-02,1472.2,407.18,665.35,76.84
2007-08-03,1433.06,407.91,666.35,75.41
2007-08-06,1467.67,407.33,674.15,72.03
2007-08-07,1476.71,407.05,669.25,72.25
2007-08-08,1497.49,404.79,670.4,72.23
2007-08-09,1453.09,406.14,670.85,71.62
2007-08-10,1453.64,406.54,664.5,71.49
2007-08-13,1452.92,406.78,669.85,71.6
2007-08-14,1426.54,407.62,667.35,72.4
2007-08-15,1406.7,408.2,665.0,73.36
2007-08-16,1411.27,410.21,664.15,70.99
2007-08-17,1445.94,408.72,653.0,71.9
2007-08-20,1445.55,409.81,658.5,71.12
2007-08-21,1447.12,410.83,655.5,69.49
2007-08-22,1464.07,409.94,657.15,69.3
2007-08-23,1462.5,409.94,662.25,69.86
2007-08-24,1479.37,409.46,659.75,71.17
2007-08-28,1432.36,412.02,667.0,71.79
2007-08-29,1463.76,411.44,664.75,73.52
2007-08-30,1457.64,412.32,666.3,73.37
2007-08-31,1473.99,411.81,668.0,73.98
2007-09-04,1489.42,411.73,673.5,75.07
2007-09-05,1472.29,413.75,679.5,75.74
2007-09-06,1478.55,412.31,683.5,76.34
2007-09-07,1453.55,415.04,695.0,76.7
2007-09-10,1451.7,415.84,704.0,77.53
2007-09-11,1471.49,414.9,704.25,78.16
2007-09-12,1471.56,414.0,711.75,79.85
2007-09-13,1483.95,412.45,708.1,80.05
2007-09-14,1484.25,412.94,706.75,79.14
2007-09-17,1476.65,413.01,710.25,80.55
2007-09-18,1519.78,413.19,717.7,81.51
2007-09-19,1529.03,412.28,723.75,81.99
2007-09-20,1518.75,409.81,727.75,83.85
2007-09-21,1525.75,411.26,735.35,83.38
2007-09-24,1517.73,411.58,733.25,82.51
2007-09-25,1517.21,412.12,727.7,81.2
2007-09-26,1525.42,412.14,730.55,80.31
2007-09-27,1531.38,413.31,729.75,82.86
2007-09-28,1526.75,413.39,737.75,81.64
2007-10-01,1547.04,414.0,745.25,80.31
2007-10-02,1546.63,414.63,735.75,80.0
2007-10-03,1539.59,414.62,733.15,79.97
2007-10-04,1542.84,415.22,726.75,81.48
2007-10-05,1557.59,412.98,735.85,81.2
2007-10-08,1552.58,413.16,736.5,78.97
2007-10-09,1565.15,412.96,728.8,80.23
2007-10-10,1562.47,413.23,740.5,81.3
2007-10-11,1554.41,413.03,747.5,83.05
2007-10-12,1561.8,412.53,748.5,83.73
2007-10-15,1548.71,412.96,755.85,86.19
2007-10-16,1538.53,413.44,761.75,87.58
2007-10-17,1541.24,415.68,759.75,87.19
2007-10-18,1540.08,416.59,758.35,89.48
2007-10-19,1500.63,418.64,768.25,88.58
2007-10-22,1506.33,418.77,755.6,87.6
2007-10-23,1519.59,418.81,757.5,86.45
2007-10-24,1515.88,420.54,757.35,88.3
2007-10-25,1514.4,420.07,765.0,92.09
2007-10-26,1535.28,419.48,775.6,91.73
2007-10-29,1540.98,419.71,792.5,93.45
2007-10-30,1531.02,419.55,784.0,90.33
2007-10-31,1549.38,417.56,783.0,94.16
2007-11-01,1508.44,419.97,792.0,93.53
2007-11-02,1509.65,421.53,790.75,95.81
2007-11-05,1502.17,421.13,802.5,94.06
2007-11-06,1520.27,420.57,817.55,96.65
2007-11-07,1475.62,421.16,841.75,96.46
2007-11-08,1474.77,422.22,832.25,95.51
2007-11-09,1453.7,423.22,836.0,96.36
2007-11-12,1439.18,423.4,817.0,94.4
2007-11-13,1481.05,422.12,803.4,91.18
2007-11-14,1470.58,422.04,808.25,94.02
2007-11-15,1451.15,424.6,806.0,93.37
2007-11-16,1458.74,424.58,790.25,94.81
2007-11-19,1433.27,426.47,788.5,95.75
2007-11-20,1439.7,427.09,789.65,99.16
2007-11-21,1416.77,427.83,796.25,98.57
2007-11-23,1440.7,427.85,810.5,98.24
2007-11-26,1407.22,431.7,836.25,97.66
2007-11-27,1428.23,429.57,823.25,94.39
2007-11-28,1469.02,427.44,796.5,90.71
2007-11-29,1469.72,428.52,807.25,90.98
2007-11-30,1481.14,428.14,794.75,88.6
2007-12-03,1472.42,430.21,783.75,89.29
2007-12-04,1462.79,429.98,790.25,88.31
2007-12-05,1485.01,429.52,801.75,87.45
2007-12-06,1507.34,427.33,788.75,90.25
2007-12-07,1504.66,424.61,799.75,88.23
2007-12-10,1515.96,424.12,800.0,87.72
2007-12-11,1477.65,427.72,806.75,90.12
2007-12-12,1486.59,426.05,807.5,94.41
2007-12-13,1488.41,424.11,809.0,92.35
2007-12-14,1467.95,422.63,796.25,91.31
2007-12-17,1445.9,423.73,787.0,90.69
2007-12-18,1454.98,425.54,796.25,89.93
2007-12-19,1453.0,426.65,801.5,91.11
2007-12-20,1460.12,427.64,799.5,90.88
2007-12-21,1484.46,424.52,803.0,93.19
2007-12-24,1496.45,423.7,810.25,94.0
2007-12-27,1476.37,424.01,822.5,96.63
2007-12-28,1478.49,426.3,828.5,96.03
2007-12-31,1468.36,427.84,836.5,95.95
2008-01-02,1447.16,431.18,840.75,99.64
2008-01-03,1447.16,431.21,865.35,99.17
2008-01-04,1411.63,432.11,858.75,97.9
2008-01-07,1416.18,432.77,857.5,95.08
2008-01-08,1390.19,430.52,873.25,96.43
2008-01-09,1409.13,431.35,887.85,95.64
2008-01-10,1420.33,429.0,874.25,93.92
2008-01-11,1401.02,430.7,893.75,92.74
2008-01-14,1416.25,431.44,911.5,94.23
2008-01-15,1380.95,433.23,904.75,91.87
2008-01-16,1373.2,432.65,881.0,90.8
2008-01-17,1333.25,433.77,881.5,90.11
2008-01-18,1325.19,433.37,872.75,90.55
2008-01-22,1310.5,436.03,862.0,89.64
2008-01-23,1338.6,437.98,887.8,87.65
2008-01-24,1352.07,433.55,891.5,89.98
2008-01-25,1330.61,435.13,921.25,90.37
2008-01-28,1353.97,435.27,916.5,90.99
2008-01-29,1362.3,433.74,927.5,91.66
2008-01-30,1355.81,432.16,923.75,92.34
2008-01-31,1378.55,434.57,923.75,91.67
2008-02-01,1395.42,436.25,933.0,89.03
2008-02-04,1380.82,435.22,899.5,90.07
2008-02-05,1336.64,437.2,889.75,88.32
2008-02-06,1326.45,436.68,892.0,87.16
2008-02-07,1336.91,433.98,908.25,88.07
2008-02-08,1331.29,435.47,914.0,91.77
2008-02-11,1339.13,436.35,925.5,93.56
2008-02-12,1348.86,434.63,920.25,92.82
2008-02-13,1367.21,434.68,905.75,93.28
2008-02-14,1348.86,432.02,910.85,95.42
2008-02-15,1349.99,432.72,909.75,95.57
2008-02-19,1348.78,430.58,916.5,99.99
2008-02-20,1360.03,429.84,924.85,100.86
2008-02-21,1342.53,432.88,943.0,98.57
2008-02-22,1353.11,432.56,945.75,99.03
2008-02-25,1371.8,429.94,947.5,99.4
2008-02-26,1381.29,431.02,934.0,100.83
2008-02-27,1380.02,431.32,958.75,99.59
2008-02-28,1367.68,433.92,957.0,102.6
2008-02-29,1330.63,437.41,969.0,101.78
2008-03-03,1331.34,437.15,978.25,102.42
2008-03-04,1326.75,435.35,981.75,99.72
2008-03-05,1333.7,432.53,966.25,104.45
2008-03-06,1304.34,432.49,986.25,105.51
2008-03-07,1293.37,433.95,978.5,105.12
2008-03-10,1273.37,434.84,973.15,107.9
2008-03-11,1320.65,431.08,980.5,108.73
2008-03-12,1308.77,434.36,975.75,109.86
2008-03-13,1315.48,433.24,988.25,110.21
2008-03-14,1288.14,435.59,997.0,110.03
2008-03-17,1276.6,437.38,1023.5,105.74
2008-03-18,1330.74,435.65,1005.75,109.57
2008-03-19,1298.42,438.25,995.25,103.25
2008-03-20,1329.51,438.91,913.5,102.57
2008-03-25,1352.99,434.73,930.65,101.78
2008-03-26,1341.13,435.36,945.75,105.83
2008-03-27,1325.76,434.65,948.25,107.56
2008-03-28,1315.22,435.66,944.5,105.59
2008-03-31,1322.7,436.91,937.25,101.54
2008-04-01,1370.18,434.1,897.0,100.92
2008-04-02,1367.53,433.26,893.5,104.83
2008-04-03,1369.31,433.77,898.25,103.92
2008-04-04,1370.4,436.85,905.25,106.09
2008-04-07,1372.54,435.65,914.7,108.91
2008-04-08,1365.54,435.95,921.0,108.54
2008-04-09,1354.49,438.44,906.75,110.89
2008-04-10,1360.55,436.39,934.25,110.07
2008-04-11,1332.83,437.01,925.5,110.14
2008-04-14,1328.32,436.63,917.75,111.71
2008-04-15,1334.43,435.15,931.75,113.77
2008-04-16,1364.71,431.76,932.75,114.8
2008-04-17,1365.56,430.72,951.5,114.8
2008-04-18,1390.33,431.29,942.25,116.56
2008-04-21,1388.17,432.47,915.75,117.48
2008-04-22,1375.94,432.15,920.75,119.17
2008-04-23,1379.93,431.92,916.25,119.28
2008-04-24,1388.82,429.65,900.75,117.1
2008-04-25,1397.84,428.84,883.5,119.64
2008-04-28,1396.37,430.06,892.25,118.78
2008-04-29,1390.94,430.89,886.0,115.67
2008-04-30,1385.59,432.65,867.75,113.7
2008-05-01,1409.34,432.8,863.5,112.6
2008-05-02,1413.9,431.37,854.25,116.36
2008-05-06,1418.26,430.52,878.0,121.82
2008-05-07,1392.57,431.23,874.0,123.56
2008-05-08,1397.68,432.83,872.25,123.77
2008-05-09,1388.28,433.53,887.25,125.94
2008-05-12,1403.58,433.72,882.5,124.02
2008-05-13,1403.04,430.4,877.0,125.83
2008-05-14,1408.66,429.54,863.0,124.21
2008-05-15,1423.57,431.66,866.25,124.25
2008-05-16,1425.35,432.1,885.0,126.5
2008-05-19,1426.63,432.61,908.75,127.15
2008-05-20,1413.4,433.77,907.0,128.93
2008-05-21,1390.71,432.68,925.0,132.99
2008-05-22,1394.35,429.54,928.25,130.04
2008-05-23,1375.93,431.57,922.25,131.58
2008-05-27,1385.35,429.46,923.75,128.81
2008-05-28,1390.84,427.65,892.0,131.0
2008-05-29,1398.26,426.37,893.0,126.7
2008-05-30,1400.38,427.36,879.5,127.35
2008-06-02,1385.67,429.27,891.25,127.75
2008-06-03,1377.65,431.14,895.5,124.33
2008-06-04,1377.2,429.94,877.25,122.3
2008-06-05,1404.05,428.6,873.0,127.93
2008-06-06,1360.68,430.79,883.5,138.51
2008-06-09,1361.76,429.03,904.25,134.44
2008-06-10,1358.44,426.28,884.5,131.38
2008-06-11,1335.49,426.87,874.25,136.43
2008-06-12,1339.87,424.07,871.25,136.91
2008-06-13,1360.03,423.1,864.0,134.84
2008-06-16,1360.14,423.74,872.0,134.52
2008-06-17,1350.93,424.45,883.0,133.99
2008-06-18,1337.81,426.47,884.0,136.54
2008-06-19,1342.83,425.3,893.25,131.88
2008-06-20,1317.93,426.48,900.0,134.78
2008-06-23,1318.0,425.46,905.25,135.98
2008-06-24,1314.29,427.0,888.5,136.49
2008-06-25,1321.97,426.94,887.25,133.92
2008-06-26,1283.15,427.53,892.5,138.91
2008-06-27,1278.38,428.26,923.0,139.69
2008-06-30,1280.0,428.26,932.75,139.96
2008-07-01,1284.91,427.48,929.5,141.06
2008-07-02,1261.52,428.56,936.0,143.74
2008-07-03,1262.9,428.37,939.75,145.31
2008-07-07,1252.31,430.06,921.0,141.38
2008-07-08,1273.7,430.7,929.25,136.06
2008-07-09,1244.69,431.78,923.25,135.88
2008-07-10,1253.39,431.5,930.75,141.47
2008-07-11,1239.49,428.22,949.0,144.96
2008-07-14,1228.3,430.13,957.75,145.16
2008-07-15,1214.91,430.52,981.75,138.68
2008-07-16,1245.36,428.46,974.0,134.63
2008-07-17,1260.32,426.19,964.5,129.43
2008-07-18,1260.68,425.37,961.5,128.94
2008-07-21,1260.0,425.74,966.25,131.43
2008-07-22,1277.0,425.21,973.0,127.25
2008-07-23,1282.19,424.38,934.75,123.73
2008-07-24,1252.54,427.82,927.75,124.62
2008-07-25,1257.76,425.91,932.25,122.59
2008-07-28,1234.37,428.18,929.25,124.72
2008-07-29,1263.2,427.83,928.75,122.21
2008-07-30,1284.26,427.74,914.1,126.74
2008-07-31,1267.38,429.18,912.0,124.17
2008-08-01,1260.31,430.11,909.5,125.03
2008-08-04,1249.01,429.77,910.0,121.45
2008-08-05,1284.88,429.2,884.0,118.71
2008-08-06,1289.19,428.37,884.75,118.57
2008-08-07,1266.07,431.59,882.5,119.84
2008-08-08,1296.32,431.32,864.5,115.42
2008-08-11,1305.32,430.12,863.75,114.44
2008-08-12,1289.59,432.13,808.75,113.1
2008-08-13,1285.83,430.95,824.0,115.96
2008-08-14,1292.93,432.1,833.25,115.05
2008-08-15,1298.2,433.11,784.75,113.46
2008-08-18,1278.6,433.89,797.5,112.92
2008-08-19,1266.69,432.81,791.0,114.39
2008-08-20,1274.54,433.53,806.75,115.48
2008-08-21,1277.72,432.31,821.0,121.23
2008-08-22,1292.2,431.53,830.0,114.48
2008-08-26,1271.51,433.66,809.75,116.31
2008-08-27,1281.66,434.15,833.5,118.17
2008-08-28,1300.68,433.64,832.0,115.58
2008-08-29,1282.83,433.3,836.5,115.55
2008-09-02,1277.58,435.1,802.5,109.63
2008-09-03,1274.98,436.03,794.5,109.38
2008-09-04,1236.83,436.72,810.5,107.99
2008-09-05,1242.31,436.35,796.25,106.47
2008-09-08,1267.79,436.66,806.5,106.35
2008-09-09,1224.51,438.53,799.75,103.23
2008-09-10,1232.04,437.49,774.25,102.66
2008-09-11,1249.05,437.17,742.75,100.95
2008-09-12,1251.7,433.83,757.5,101.19
2008-09-15,1192.7,432.97,779.25,95.52
2008-09-16,1213.59,422.85,779.75,91.49
2008-09-17,1156.39,420.61,785.5,97.39
2008-09-18,1206.51,413.16,864.25,97.5
2008-09-19,1255.08,412.04,837.5,104.05
2008-09-22,1207.09,415.63,873.0,122.61
2008-09-23,1188.22,414.05,892.5,107.85
2008-09-24,1185.87,416.22,888.5,106.84
2008-09-25,1209.18,410.24,889.0,111.54
2008-09-26,1213.01,406.56,869.0,106.77
2008-09-29,1106.39,409.58,876.5,96.29
2008-09-30,1166.36,405.01,897.0,100.7
2008-10-01,1161.06,402.55,876.0,98.23
2008-10-02,1114.28,406.61,866.25,93.84
2008-10-03,1099.23,407.32,842.5,93.91
2008-10-06,1056.89,409.56,836.5,88.15
2008-10-07,996.23,410.02,881.75,90.18
2008-10-08,984.94,405.3,913.0,88.94
2008-10-09,909.92,403.06,886.75,86.5
2008-10-10,899.22,395.87,918.0,77.44
2008-10-13,1003.35,396.06,865.0,81.17
2008-10-14,998.01,398.57,849.5,78.69
2008-10-15,907.84,400.54,848.5,74.38
2008-10-16,946.43,398.92,834.5,69.81
2008-10-17,940.55,396.34,801.0,71.9
2008-10-20,985.4,397.89,803.0,74.08
2008-10-21,955.05,401.32,781.0,71.29
2008-10-22,896.78,402.18,757.5,66.92
2008-10-23,908.11,402.82,726.0,67.17
2008-10-24,876.77,398.07,692.5,63.34
2008-10-27,848.92,396.8,720.5,61.92
2008-10-28,940.51,397.19,745.0,62.8
2008-10-29,930.09,396.9,749.25,67.45
2008-10-30,954.09,396.94,772.25,65.79
2008-10-31,968.75,396.77,728.5,68.1
2008-11-03,966.3,399.2,734.0,63.93
2008-11-04,1005.75,403.03,734.0,70.41
2008-11-05,952.77,405.81,753.25,65.41
2008-11-06,904.88,405.82,739.0,60.72
2008-11-07,930.99,404.82,742.0,61.06
2008-11-10,919.21,407.22,751.75,62.19
2008-11-11,898.95,407.28,741.75,59.38
2008-11-12,852.3,410.8,731.5,55.95
2008-11-13,911.29,409.34,714.0,58.31
2008-11-14,873.29,410.94,729.5,57.18
2008-11-17,850.75,412.15,745.0,55.14
2008-11-18,859.12,415.07,736.5,54.42
2008-11-19,806.58,415.79,737.75,53.64
2008-11-20,752.44,417.34,745.25,48.86
2008-11-21,800.03,413.8,758.5,49.22
2008-11-24,851.81,414.43,816.75,53.63
2008-11-25,857.39,417.98,802.5,50.02
2008-11-26,887.68,420.17,817.0,54.2
2008-11-28,896.24,420.94,813.5,55.21
2008-12-01,816.21,425.15,795.5,49.34
2008-12-02,848.81,425.55,772.5,47.05
2008-12-03,870.74,426.78,773.5,46.79
2008-12-04,845.22,428.79,772.75,43.8
2008-12-05,876.07,427.37,771.75,41.01
2008-12-08,909.7,426.51,772.25,43.69
2008-12-09,888.67,429.05,771.0,42.0
2008-12-10,899.24,429.19,785.75,43.1
2008-12-11,873.59,430.83,821.0,47.77
2008-12-12,879.73,431.68,813.75,46.27
2008-12-15,868.57,432.99,827.5,44.61
2008-12-16,913.18,436.98,833.5,43.84
2008-12-17,904.42,441.08,853.75,40.17
2008-12-18,885.28,445.95,872.5,36.73
2008-12-19,887.88,445.95,839.0,33.17
2008-12-22,871.63,445.96,846.0,31.1
2008-12-23,863.16,445.53,844.0,30.28
2008-12-24,868.15,445.98,836.75,32.94
2008-12-29,869.42,448.47,881.0,39.89
2008-12-30,890.64,449.46,870.0,38.95
2008-12-31,903.25,447.98,865.0,44.6
2009-01-02,931.8,444.43,869.75,46.17
2009-01-05,927.45,444.16,860.0,48.61
2009-01-06,934.7,439.99,844.0,48.56
2009-01-07,906.65,440.48,864.0,42.75
2009-01-08,909.73,439.31,842.5,41.68
2009-01-09,890.35,440.27,854.0,40.69
2009-01-12,870.26,441.27,848.5,37.65
2009-01-13,871.79,441.54,815.5,37.77
2009-01-14,842.62,441.33,827.25,37.43
2009-01-15,843.74,439.87,813.0,35.41
2009-01-16,850.12,440.6,824.25,35.38
2009-01-20,805.22,438.39,835.0,38.57
2009-01-21,840.24,434.13,860.5,42.56
2009-01-22,827.5,433.6,847.75,42.33
2009-01-23,831.95,432.22,873.0,45.12
2009-01-26,836.57,432.2,906.5,46.5
2009-01-27,845.71,435.47,896.0,41.67
2009-01-28,874.09,433.65,891.25,42.04
2009-01-29,845.14,430.41,878.5,41.58
2009-01-30,825.88,430.51,918.5,41.73
2009-02-02,825.44,433.02,913.75,41.35
2009-02-03,838.51,429.47,902.0,40.87
2009-02-04,832.23,428.07,902.25,40.27
2009-02-05,845.85,429.16,914.75,41.15
2009-02-06,868.6,427.93,914.0,40.24
2009-02-09,869.89,427.74,901.0,39.58
2009-02-10,827.16,432.52,896.0,37.54
2009-02-11,833.74,435.46,922.0,35.93
2009-02-12,835.19,435.95,944.0,34.03
2009-02-13,826.84,431.81,939.25,37.63
2009-02-17,789.17,436.18,962.25,34.96
2009-02-18,788.42,433.38,964.75,34.67
2009-02-19,778.94,429.71,973.5,39.6
2009-02-20,770.05,430.58,981.0,39.35
2009-02-23,743.33,430.84,987.0,37.66
2009-02-24,773.14,426.6,989.75,38.86
2009-02-25,764.9,421.47,956.25,41.64
2009-02-26,752.83,421.19,945.0,43.18
2009-02-27,735.09,419.85,943.75,44.15
2009-03-02,700.82,419.21,949.5,40.07
2009-03-03,696.33,410.42,924.75,41.57
2009-03-04,712.87,388.4,911.0,45.28
2009-03-05,682.55,388.64,913.25,43.54
2009-03-06,683.38,388.38,937.75,45.43
2009-03-09,676.53,386.8,934.75,47.01
2009-03-10,719.6,389.28,911.5,45.68
2009-03-11,721.36,390.5,900.0,42.46
2009-03-12,750.74,399.24,914.5,46.91
2009-03-13,756.55,401.83,920.0,46.22
2009-03-16,753.89,407.73,923.0,47.33
2009-03-17,778.12,408.74,920.0,48.97
2009-03-18,794.35,418.11,910.75,48.12
2009-03-19,784.04,417.99,937.25,51.46
2009-03-20,768.54,418.21,957.0,51.55
2009-03-23,822.92,418.91,952.75,53.05
2009-03-24,806.12,420.51,928.75,53.36
2009-03-25,813.88,419.21,921.25,52.24
2009-03-26,832.86,421.03,935.5,53.87
2009-03-27,815.94,421.2,927.0,52.41
2009-03-30,787.53,421.19,923.0,48.49
2009-03-31,797.87,420.56,918.5,49.64
2009-04-01,811.08,422.37,919.5,48.46
2009-04-02,834.38,419.62,914.75,52.61
2009-04-03,842.5,415.4,901.5,52.52
2009-04-06,835.48,414.93,879.5,51.1
2009-04-07,815.55,415.22,879.25,49.13
2009-04-08,825.16,417.83,887.25,49.37
2009-04-09,856.56,416.49,883.75,52.24
2009-04-14,841.5,421.07,895.0,49.51
2009-04-15,852.06,421.37,892.25,49.26
2009-04-16,865.3,419.89,889.0,49.97
2009-04-17,869.6,418.62,872.0,50.36
2009-04-20,832.39,421.72,870.0,45.82
2009-04-21,850.08,421.59,888.75,46.65
2009-04-22,843.55,419.64,885.0,47.41
2009-04-23,851.92,420.93,894.5,48.46
2009-04-24,866.23,420.14,909.0,50.65
2009-04-27,857.51,421.57,911.75,49.29
2009-04-28,855.16,419.83,897.0,49.01
2009-04-29,873.64,419.58,894.5,50.19
2009-04-30,872.81,419.81,889.0,50.35
2009-05-01,877.52,419.56,881.5,52.18
2009-05-05,903.8,420.34,903.0,53.81
2009-05-06,919.53,420.11,903.5,56.29
2009-05-07,907.39,416.18,912.75,56.67
2009-05-08,929.23,416.56,917.5,58.58
2009-05-11,909.24,419.48,912.5,57.79
2009-05-12,908.35,420.96,920.0,58.81
2009-05-13,883.92,423.04,925.75,58.0
2009-05-14,893.07,423.27,923.25,58.58
2009-05-15,882.88,422.55,925.0,56.52
2009-05-18,909.71,420.33,929.75,58.99
2009-05-19,908.13,420.93,921.5,59.52
2009-05-20,903.47,422.66,928.5,61.45
2009-05-21,888.33,419.83,940.0,60.49
2009-05-22,887.0,418.9,952.5,61.15
2009-05-26,910.33,417.71,942.0,62.48
2009-05-27,893.06,414.03,949.5,63.41
2009-05-28,906.83,415.07,949.75,65.09
2009-05-29,919.14,423.44,972.0,66.31
2009-06-01,942.87,417.02,987.0,68.59
2009-06-02,944.74,419.31,973.5,68.58
2009-06-03,931.76,421.2,979.0,66.14
2009-06-04,942.46,417.61,967.25,68.8
2009-06-05,940.09,413.72,977.75,68.43
2009-06-08,939.14,413.86,946.5,68.05
2009-06-09,942.43,414.41,952.5,70.02
2009-06-10,939.15,413.47,961.25,71.38
2009-06-11,944.89,415.46,953.0,72.69
2009-06-12,946.21,417.3,950.0,72.13
2009-06-15,923.72,419.93,932.0,70.54
2009-06-16,911.97,421.71,936.75,70.47
2009-06-17,910.71,422.2,933.75,71.07
2009-06-18,918.37,417.71,936.75,71.42
2009-06-19,921.23,421.09,933.75,69.6
2009-06-22,893.04,423.84,924.0,67.09
2009-06-23,895.1,424.84,920.25,68.81
2009-06-24,900.94,424.37,928.75,68.14
2009-06-25,920.26,427.01,934.25,69.7
2009-06-26,918.9,428.47,943.0,69.16
2009-06-29,927.23,428.79,939.75,71.47
2009-06-30,919.32,428.43,941.0,69.82
2009-07-01,923.33,427.65,931.5,69.32
2009-07-02,896.42,429.54,936.0,66.68
2009-07-06,898.72,429.26,921.5,64.06
2009-07-07,881.03,430.85,925.75,62.88
2009-07-08,879.56,435.01,920.75,60.15
2009-07-09,882.68,431.82,914.75,60.36
2009-07-10,879.13,434.82,910.0,59.93
2009-07-13,901.05,434.19,908.5,59.69
2009-07-14,905.84,431.6,921.75,59.62
2009-07-15,932.68,428.22,930.0,61.49
2009-07-16,940.74,429.07,935.25,62.07
2009-07-17,940.38,427.08,934.5,63.56
2009-07-20,951.13,429.38,952.25,63.93
2009-07-21,954.58,432.65,947.75,64.81
2009-07-22,954.07,430.99,945.5,64.58
2009-07-23,976.29,427.27,955.25,66.1
2009-07-24,979.26,428.24,949.75,66.96
2009-07-27,982.18,427.15,956.0,68.34
2009-07-28,979.62,427.97,955.0,67.24
2009-07-29,975.15,429.3,935.5,63.42
2009-07-30,986.75,430.99,932.0,66.9
2009-07-31,987.48,435.91,936.5,69.26
2009-08-03,1002.63,432.64,954.25,71.59
2009-08-04,1005.65,432.12,953.5,71.4
2009-08-05,1002.72,431.1,964.5,71.97
2009-08-06,997.08,431.66,960.75,71.96
2009-08-07,1010.48,428.74,960.5,70.97
2009-08-10,1007.1,431.61,953.5,70.59
2009-08-11,994.35,433.3,946.0,69.46
2009-08-12,1005.81,432.86,943.5,70.08
2009-08-13,1012.73,436.04,956.0,70.57
2009-08-14,1004.09,436.89,957.5,67.51
2009-08-17,979.73,438.81,937.5,66.72
2009-08-18,989.67,438.2,938.25,69.22
2009-08-19,996.46,439.98,934.25,72.54
2009-08-20,1007.37,440.56,943.5,72.4
2009-08-21,1026.13,437.27,941.5,73.12
2009-08-24,1025.57,439.89,953.75,73.68
2009-08-25,1028.0,441.06,947.5,71.6
2009-08-26,1028.12,441.5,949.5,71.38
2009-08-27,1030.98,441.11,943.5,72.49
2009-08-28,1028.93,441.99,950.75,72.72
2009-09-01,998.04,442.8,949.75,68.11
2009-09-02,994.75,445.21,955.0,68.03
2009-09-03,1003.24,444.45,982.5,67.9
2009-09-04,1016.4,441.51,987.25,67.95
2009-09-08,1025.39,441.01,1004.5,71.08
2009-09-09,1033.37,440.64,995.75,71.27
2009-09-10,1044.14,444.43,988.5,71.95
2009-09-11,1042.73,445.31,998.25,69.34
2009-09-14,1049.34,443.7,994.25,68.86
2009-09-15,1052.63,443.1,997.5,70.81
2009-09-16,1068.76,443.17,1017.0,72.5
2009-09-17,1065.49,445.38,1020.5,72.48
2009-09-18,1068.3,443.35,1014.0,71.95
2009-09-21,1064.66,443.26,999.25,69.74
2009-09-22,1071.66,444.4,1015.75,71.5
2009-09-23,1060.87,444.88,1014.75,68.74
2009-09-24,1050.78,446.5,1014.0,65.74
2009-09-25,1044.38,447.91,997.0,65.91
2009-09-28,1062.98,449.17,990.5,66.69
2009-09-29,1060.61,449.38,991.75,66.56
2009-09-30,1057.08,448.8,1001.25,70.46
2009-10-01,1029.85,452.26,1005.75,70.67
2009-10-02,1025.21,451.04,998.0,69.8
2009-10-05,1040.46,450.84,1004.25,70.26
2009-10-06,1054.72,449.87,1020.25,70.71
2009-10-07,1057.58,451.74,1047.0,69.6
2009-10-08,1065.48,449.63,1054.75,71.69
2009-10-09,1071.49,445.9,1046.75,71.75
2009-10-12,1076.19,446.06,1052.0,73.24
2009-10-13,1073.19,448.41,1064.5,74.1
2009-10-14,1092.02,445.26,1066.0,75.2
2009-10-15,1096.56,444.38,1052.5,77.55
2009-10-16,1087.68,445.48,1047.75,78.54
2009-10-19,1097.91,446.42,1054.5,79.47
2009-10-20,1091.06,448.38,1064.0,78.87
2009-10-21,1081.4,446.48,1053.5,81.03
2009-10-22,1092.91,446.44,1054.75,80.82
2009-10-23,1079.6,445.01,1061.25,80.11
2009-10-26,1066.95,443.22,1055.0,78.61
2009-10-27,1063.41,446.07,1040.75,79.45
2009-10-28,1042.63,447.68,1035.5,77.39
2009-10-29,1066.11,445.02,1034.0,79.84
2009-10-30,1036.19,448.17,1044.5,77.04
2009-11-02,1042.88,447.6,1052.0,78.08
2009-11-03,1045.41,446.32,1058.0,79.58
2009-11-04,1046.5,444.89,1091.75,80.3
2009-11-05,1066.63,445.36,1088.0,79.64
2009-11-06,1069.3,446.37,1095.0,77.4
2009-11-09,1093.08,446.76,1108.5,79.44
2009-11-10,1093.01,446.82,1099.75,79.01
2009-11-11,1098.51,446.87,1114.75,79.16
2009-11-12,1087.24,447.6,1116.0,77.25
2009-11-13,1093.48,448.32,1107.5,76.34
2009-11-16,1109.3,451.35,1128.75,78.91
2009-11-17,1110.32,451.85,1131.75,79.08
2009-11-18,1109.8,450.82,1146.0,79.55
2009-11-19,1094.9,451.77,1136.0,77.47
2009-11-20,1091.38,451.44,1142.5,76.83
2009-11-23,1106.24,451.61,1166.0,76.49
2009-11-24,1105.65,452.86,1170.25,74.88
2009-11-25,1110.63,453.96,1176.5,77.25
2009-11-27,1091.49,455.52,1164.5,75.95
2009-11-30,1095.63,455.88,1172.0,77.19
2009-12-01,1108.86,454.41,1193.5,78.39
2009-12-02,1109.24,453.79,1211.5,76.62
2009-12-03,1099.92,452.19,1218.25,76.42
2009-12-04,1105.98,449.53,1203.25,75.41
2009-12-07,1103.25,450.21,1147.5,73.89
2009-12-08,1091.94,451.74,1164.25,72.59
2009-12-09,1095.95,451.28,1142.25,70.67
2009-12-10,1102.35,449.87,1125.75,70.54
2009-12-11,1106.41,448.77,1140.0,69.86
2009-12-14,1114.11,449.02,1120.0,69.48
2009-12-15,1107.93,447.42,1115.0,70.62
2009-12-16,1109.18,448.11,1134.0,72.64
2009-12-17,1096.08,451.34,1121.5,72.58
2009-12-18,1102.47,450.08,1106.5,73.3
2009-12-21,1114.05,447.39,1113.25,72.71
2009-12-22,1118.02,446.35,1094.25,73.48
2009-12-23,1120.59,446.98,1080.5,76.03
2009-12-24,1126.48,445.11,1104.5,76.83
2009-12-29,1126.2,445.21,1103.0,78.87
2009-12-30,1126.42,446.15,1092.5,79.35
2009-12-31,1115.1,445.05,1104.0,79.39
2010-01-04,1132.99,445.45,1113.0,81.52
2010-01-05,1136.52,448.15,1125.25,81.74
2010-01-06,1137.14,446.99,1125.0,83.12
2010-01-07,1141.69,446.48,1130.75,82.6
2010-01-08,1144.98,446.9,1121.75,82.74
2010-01-11,1146.98,446.8,1158.0,82.54
2010-01-12,1136.22,449.53,1152.75,80.79
2010-01-13,1145.68,447.85,1132.75,79.66
2010-01-14,1148.46,449.86,1137.5,79.35
2010-01-15,1136.03,451.06,1132.0,77.96
2010-01-19,1150.23,450.06,1134.0,78.98
2010-01-20,1138.04,451.07,1129.0,77.42
2010-01-21,1116.48,452.6,1104.0,75.84
2010-01-22,1091.76,452.66,1096.5,74.25
2010-01-25,1096.78,451.8,1103.5,74.9
2010-01-26,1092.17,451.9,1090.75,74.67
2010-01-27,1097.5,451.93,1094.75,73.64
2010-01-28,1084.53,451.5,1091.75,73.62
2010-01-29,1073.87,453.17,1082.75,72.85
2010-02-01,1089.19,451.84,1082.0,74.41
2010-02-02,1103.32,452.29,1114.0,77.21
2010-02-03,1097.28,450.45,1118.5,76.96
2010-02-04,1063.11,452.77,1102.5,73.13
2010-02-05,1066.19,454.17,1052.25,71.15
2010-02-08,1056.74,453.5,1070.0,71.87
2010-02-09,1070.52,452.28,1068.0,73.71
2010-02-10,1068.13,450.48,1075.5,74.48
2010-02-11,1078.47,450.44,1079.5,75.23
2010-02-12,1075.51,451.56,1078.25,74.11
2010-02-16,1094.87,452.48,1115.25,76.98
2010-02-17,1099.51,450.07,1118.25,77.27
2010-02-18,1106.75,449.06,1105.5,78.97
2010-02-19,1109.17,449.64,1107.0,79.77
2010-02-22,1108.01,449.66,1119.75,80.04
2010-02-23,1094.6,452.73,1112.0,78.61
2010-02-24,1105.24,452.72,1093.0,79.75
2010-02-25,1102.94,454.34,1092.75,77.99
2010-02-26,1104.49,455.91,1112.5,79.72
2010-03-01,1115.71,455.18,1117.25,78.71
2010-03-02,1118.31,455.38,1116.0,79.62
2010-03-03,1118.79,454.94,1136.25,80.91
2010-03-04,1122.97,455.64,1136.25,80.21
2010-03-05,1138.7,454.29,1135.0,81.5
2010-03-08,1138.5,454.3,1134.0,81.85
2010-03-09,1140.45,454.51,1120.0,81.5
2010-03-10,1145.61,453.92,1124.5,82.07
2010-03-11,1150.24,453.77,1106.0,82.1
2010-03-12,1149.99,454.8,1118.75,81.26
2010-03-15,1150.51,455.06,1104.0,79.79
2010-03-16,1159.46,456.56,1113.25,81.75
2010-03-17,1166.21,456.67,1131.25,82.93
2010-03-18,1165.83,456.05,1122.75,82.16
2010-03-19,1159.9,455.84,1121.5,80.58
2010-03-22,1165.81,456.53,1104.25,81.26
2010-03-23,1174.17,456.16,1100.75,81.68
2010-03-24,1167.72,452.69,1094.0,80.29
2010-03-25,1165.73,451.3,1093.5,80.25
2010-03-26,1166.59,452.5,1098.0,79.75
2010-03-29,1173.22,452.44,1111.25,81.92
2010-03-30,1173.27,452.55,1109.75,82.14
2010-03-31,1169.43,453.96,1109.5,83.45
2010-04-01,1178.1,453.46,1116.0,84.53
2010-04-06,1189.44,450.6,1124.0,86.54
2010-04-07,1182.45,453.43,1133.25,85.64
2010-04-08,1186.44,453.07,1146.5,85.17
2010-04-09,1194.37,453.27,1156.0,84.6
2010-04-12,1196.48,454.57,1163.5,84.07
2010-04-13,1197.3,455.45,1149.25,83.8
2010-04-14,1210.65,454.59,1159.0,85.62
2010-04-15,1211.67,454.99,1151.25,85.25
2010-04-16,1192.13,457.23,1157.0,82.97
2010-04-19,1197.52,456.32,1127.5,81.52
2010-04-20,1207.17,456.55,1142.5,82.98
2010-04-21,1205.94,458.27,1143.75,82.78
2010-04-22,1208.67,457.6,1144.25,82.89
2010-04-23,1217.28,456.47,1140.0,84.34
2010-04-26,1212.05,456.82,1154.0,84.2
2010-04-27,1183.71,460.27,1152.25,82.43
2010-04-28,1191.36,458.01,1164.25,83.22
2010-04-29,1206.78,459.37,1170.0,85.17
2010-04-30,1186.69,461.22,1175.25,86.07
2010-05-04,1173.6,462.88,1184.25,82.73
2010-05-05,1165.9,464.5,1172.0,80.0
2010-05-06,1128.15,468.97,1178.0,77.18
2010-05-07,1110.88,466.44,1199.6,75.1
2010-05-10,1159.73,463.27,1188.25,76.89
2010-05-11,1155.79,463.15,1209.0,76.37
2010-05-12,1171.67,462.17,1241.25,75.65
2010-05-13,1157.44,462.58,1235.0,74.38
2010-05-14,1135.68,466.17,1238.75,71.61
2010-05-17,1136.94,466.16,1230.25,70.08
2010-05-18,1120.8,467.95,1215.0,69.38
2010-05-19,1115.05,467.34,1209.5,69.91
2010-05-20,1071.59,468.3,1187.25,68.28
2010-05-21,1087.69,469.69,1183.5,68.03
2010-05-24,1073.65,469.11,1183.75,68.23
2010-05-25,1074.03,470.36,1189.5,64.78
2010-05-26,1067.95,467.62,1212.5,71.52
2010-05-27,1103.06,464.6,1210.75,74.56
2010-05-28,1089.41,465.37,1214.0,74.0
2010-06-01,1070.71,466.59,1219.75,72.7
2010-06-02,1098.38,465.5,1221.0,72.88
2010-06-03,1102.83,464.14,1219.75,74.62
2010-06-04,1064.88,468.98,1203.5,71.43
2010-06-07,1050.47,469.18,1212.4,71.55
2010-06-08,1062.0,469.23,1248.0,71.88
2010-06-09,1055.69,468.26,1235.0,74.38
2010-06-10,1086.84,465.13,1220.0,75.48
2010-06-11,1091.6,468.4,1220.5,73.89
2010-06-14,1089.63,467.18,1229.5,74.99
2010-06-15,1115.23,466.12,1223.0,76.84
2010-06-16,1114.61,467.0,1235.5,77.67
2010-06-17,1116.04,468.69,1234.5,76.82
2010-06-18,1117.51,467.95,1244.0,77.18
2010-06-21,1113.2,467.73,1259.5,77.84
2010-06-22,1095.31,469.88,1235.25,77.15
2010-06-23,1092.04,471.14,1243.0,75.9
2010-06-24,1073.69,470.9,1233.25,75.96
2010-06-25,1076.76,471.97,1242.5,78.45
2010-06-28,1074.57,473.91,1256.0,78.26
2010-06-29,1041.24,475.64,1236.0,75.93
2010-06-30,1030.71,475.94,1240.5,75.59
2010-07-01,1027.37,476.58,1240.0,72.95
2010-07-02,1022.58,475.01,1210.5,72.06
2010-07-06,1028.06,476.41,1210.75,71.96
2010-07-07,1060.27,475.29,1186.0,74.05
2010-07-08,1070.25,474.6,1201.25,75.46
2010-07-09,1077.96,473.65,1196.25,76.08
2010-07-12,1078.75,474.52,1203.75,74.93
2010-07-13,1095.34,472.93,1206.5,77.16
2010-07-14,1095.17,474.8,1212.25,77.02
2010-07-15,1096.48,476.81,1211.75,76.67
2010-07-16,1064.88,478.21,1204.75,75.96
2010-07-19,1071.25,477.52,1190.25,76.53
2010-07-20,1083.48,478.59,1181.5,77.32
2010-07-21,1069.59,479.9,1191.25,76.27
2010-07-22,1093.67,478.91,1187.0,79.01
2010-07-23,1102.66,477.44,1198.75,78.68
2010-07-26,1115.01,477.52,1189.0,78.93
2010-07-27,1113.84,476.09,1184.0,77.46
2010-07-28,1106.13,477.84,1164.0,77.06
2010-07-29,1101.53,477.86,1166.0,78.3
2010-07-30,1101.6,480.11,1168.0,78.85
2010-08-02,1125.86,478.72,1178.0,81.25
2010-08-03,1120.46,480.46,1184.0,82.52
2010-08-04,1127.24,479.43,1194.5,82.49
2010-08-05,1125.81,480.36,1195.5,82.0
2010-08-06,1121.64,482.23,1194.5,80.67
2010-08-09,1127.79,482.03,1206.0,81.46
2010-08-10,1121.06,482.82,1196.75,80.24
2010-08-11,1089.47,484.62,1198.0,78.09
2010-08-12,1083.61,484.37,1200.0,75.68
2010-08-13,1079.25,485.49,1215.0,75.39
2010-08-16,1079.38,488.71,1222.0,75.17
2010-08-17,1092.54,487.05,1226.25,75.76
2010-08-18,1094.16,487.58,1223.0,75.39
2010-08-19,1075.63,489.43,1228.0,74.45
2010-08-20,1071.69,488.85,1230.5,73.45
2010-08-23,1067.36,488.85,1227.0,72.71
2010-08-24,1051.87,491.59,1218.0,71.24
2010-08-25,1055.33,490.79,1237.5,72.07
2010-08-26,1047.22,491.77,1240.25,73.36
2010-08-27,1064.59,488.27,1234.5,75.17
2010-08-31,1049.33,492.28,1233.5,71.93
2010-09-01,1080.29,489.05,1250.0,73.97
2010-09-02,1090.1,488.14,1247.75,74.99
2010-09-03,1104.51,486.61,1252.0,74.52
2010-09-07,1091.84,489.5,1247.25,73.98
2010-09-08,1098.87,488.09,1258.0,74.65
2010-09-09,1104.18,485.15,1253.5,74.25
2010-09-10,1109.55,484.31,1248.75,76.4
2010-09-13,1121.9,486.09,1243.0,77.17
2010-09-14,1121.1,487.92,1253.25,76.78
2010-09-15,1125.07,486.52,1270.4,75.92
2010-09-16,1124.66,485.67,1271.25,74.58
2010-09-17,1125.59,486.04,1281.5,73.63
2010-09-20,1142.71,487.39,1280.25,74.81
2010-09-21,1139.78,489.45,1278.75,72.96
2010-09-22,1134.28,490.65,1291.75,72.98
2010-09-23,1124.83,490.6,1291.5,73.4
2010-09-24,1148.67,489.16,1298.0,74.63
2010-09-27,1142.16,491.91,1298.25,76.51
2010-09-28,1147.7,493.21,1289.0,76.15
2010-09-29,1144.73,492.02,1307.5,77.85
2010-09-30,1141.2,491.76,1311.0,79.95
2010-10-01,1146.24,491.16,1313.0,81.57
2010-10-04,1137.03,491.94,1316.0,81.43
2010-10-05,1160.75,492.57,1325.75,82.83
2010-10-06,1159.97,494.45,1347.0,83.21
2010-10-07,1158.06,494.12,1359.5,81.34
2010-10-08,1165.15,494.27,1330.5,82.66
2010-10-11,1165.32,494.42,1348.5,82.18
2010-10-12,1169.77,493.26,1343.5,81.67
2010-10-13,1178.1,492.74,1358.5,83.03
2010-10-14,1173.81,491.34,1380.75,82.71
2010-10-15,1176.19,489.32,1377.25,81.23
2010-10-18,1184.71,491.66,1359.75,83.06
2010-10-19,1165.9,492.32,1367.75,79.57
2010-10-20,1178.17,492.47,1340.5,81.93
2010-10-21,1180.26,491.29,1345.25,80.03
2010-10-22,1183.08,491.05,1319.0,81.15
2010-10-25,1185.62,491.54,1345.0,82.0
2010-10-26,1185.64,489.09,1334.0,82.6
2010-10-27,1182.45,487.76,1332.25,81.9
2010-10-28,1183.78,488.73,1326.5,82.2
2010-10-29,1183.26,490.43,1336.75,81.45
2010-11-01,1184.38,490.32,1361.5,82.94
2010-11-02,1193.57,491.74,1358.0,83.91
2010-11-03,1197.96,490.67,1358.5,84.45
2010-11-04,1221.06,493.02,1361.0,86.49
2010-11-05,1225.85,491.57,1384.25,86.85
2010-11-08,1223.25,490.91,1390.0,87.07
2010-11-09,1213.4,487.94,1416.25,87.04
2010-11-10,1218.71,489.0,1402.0,87.77
2010-11-11,1213.54,489.05,1413.0,87.77
2010-11-12,1199.21,486.35,1387.0,84.89
2010-11-15,1197.75,482.64,1367.0,84.88
2010-11-16,1178.34,484.56,1363.25,82.33
2010-11-17,1178.59,484.58,1336.5,80.43
2010-11-18,1196.69,483.9,1356.75,81.88
2010-11-19,1199.73,484.58,1357.5,81.65
2010-11-22,1197.84,486.42,1357.5,81.24
2010-11-23,1180.73,487.63,1361.0,80.79
2010-11-24,1198.35,483.85,1376.25,83.21
2010-11-26,1189.4,485.53,1366.5,83.87
2010-11-29,1187.76,486.36,1360.0,85.73
2010-11-30,1180.55,487.41,1375.0,84.12
2010-12-01,1206.07,483.28,1391.5,86.75
2010-12-02,1221.53,482.25,1390.0,87.98
2010-12-03,1224.71,482.49,1391.75,89.18
2010-12-06,1223.12,484.72,1411.5,89.33
2010-12-07,1223.75,479.61,1426.0,88.69
2010-12-08,1228.28,477.99,1395.0,88.3
2010-12-09,1233.0,478.46,1382.0,88.35
2010-12-10,1240.4,477.73,1390.0,87.81
2010-12-13,1240.46,478.85,1388.25,88.62
2010-12-14,1241.59,475.02,1405.0,88.33
2010-12-15,1235.23,473.88,1388.25,88.66
2010-12-16,1242.87,474.64,1384.0,87.71
2010-12-17,1243.91,478.64,1374.75,88.02
2010-12-20,1247.08,478.09,1381.0,88.68
2010-12-21,1254.6,478.58,1386.0,89.3
2010-12-22,1258.84,477.93,1389.0,89.83
2010-12-23,1256.77,476.69,1384.0,90.84
2010-12-29,1259.78,478.72,1403.5,91.13
2010-12-30,1257.88,478.05,1411.5,89.85
2010-12-31,1257.64,480.19,1410.25,91.38
2011-01-04,1270.2,479.05,1405.5,89.39
2011-01-05,1276.56,475.53,1382.75,90.3
2011-01-06,1273.85,477.06,1376.0,88.37
2011-01-07,1271.5,479.21,1358.0,88.07
2011-01-10,1269.75,480.0,1368.25,89.24
2011-01-11,1274.48,479.66,1381.0,91.11
2011-01-12,1285.96,479.13,1383.5,91.85
2011-01-13,1283.76,480.35,1380.75,91.39
2011-01-14,1293.24,479.74,1369.25,91.53
2011-01-18,1295.02,478.92,1368.75,91.38
2011-01-19,1281.92,479.78,1373.75,90.85
2011-01-20,1280.26,476.95,1364.5,88.56
2011-01-21,1283.35,478.1,1344.0,88.22
2011-01-24,1290.84,478.52,1347.5,86.74
2011-01-25,1291.18,480.84,1326.0,85.08
2011-01-26,1296.63,478.19,1335.5,86.15
2011-01-27,1299.54,479.34,1337.5,84.45
2011-01-28,1276.34,480.66,1316.0,88.15
2011-01-31,1286.12,479.36,1333.5,90.99
2011-02-01,1307.59,478.19,1337.5,89.54
2011-02-02,1304.03,476.75,1337.0,89.78
2011-02-03,1307.1,475.85,1332.5,89.42
2011-02-04,1310.87,473.17,1347.5,87.87
2011-02-07,1319.05,473.62,1347.0,86.3
2011-02-08,1324.57,471.73,1354.0,85.85
2011-02-09,1320.88,473.91,1362.5,85.59
2011-02-10,1321.87,472.31,1358.75,85.44
2011-02-11,1329.15,473.77,1359.0,84.39
2011-02-14,1332.32,474.85,1356.75,83.66
2011-02-15,1328.01,474.79,1372.25,83.13
2011-02-16,1336.32,474.73,1374.5,83.8
2011-02-17,1340.43,475.82,1377.0,85.05
2011-02-18,1343.01,475.41,1385.5,85.03
2011-02-22,1315.44,478.7,1394.5,92.65
2011-02-23,1307.4,478.16,1401.25,96.04
2011-02-24,1306.1,479.36,1414.5,95.83
2011-02-25,1319.88,479.93,1405.0,96.52
2011-02-28,1327.22,480.86,1409.75,97.1
2011-03-01,1306.33,480.97,1414.5,99.63
2011-03-02,1308.44,479.75,1430.5,102.27
2011-03-03,1330.97,476.84,1430.5,101.92
2011-03-04,1321.15,479.28,1418.0,104.34
2011-03-07,1310.13,479.11,1437.0,105.37
2011-03-08,1321.82,478.03,1435.0,105.06
2011-03-09,1320.02,479.96,1431.5,104.39
2011-03-10,1295.11,481.86,1424.25,102.73
2011-03-11,1304.28,481.99,1409.75,101.14
2011-03-14,1296.39,483.09,1424.5,101.2
2011-03-15,1281.87,483.42,1407.0,97.23
2011-03-16,1256.88,486.15,1398.5,97.99
2011-03-17,1273.72,485.0,1403.5,101.47
2011-03-18,1279.2,484.36,1415.5,101.06
2011-03-21,1298.38,483.39,1427.75,102.36
2011-03-22,1293.77,483.32,1425.5,104.53
2011-03-23,1297.54,483.29,1433.0,105.21
2011-03-24,1309.66,482.19,1441.25,105.04
2011-03-25,1313.8,481.13,1434.0,104.89
2011-03-28,1310.19,481.23,1420.0,103.54
2011-03-29,1319.44,480.03,1414.0,104.34
2011-03-30,1328.26,480.93,1419.0,103.8
2011-03-31,1325.83,481.18,1431.0,106.19
2011-04-01,1332.41,481.11,1434.5,107.55
2011-04-04,1332.87,481.92,1432.5,108.14
2011-04-05,1332.63,480.68,1434.5,107.82
2011-04-06,1335.54,479.16,1457.0,108.38
2011-04-07,1333.51,479.1,1456.5,109.82
2011-04-08,1328.17,478.91,1470.5,112.27
2011-04-11,1324.46,479.08,1469.5,109.5
2011-04-12,1314.16,480.92,1461.25,105.75
2011-04-13,1314.41,481.9,1458.0,106.6
2011-04-14,1314.52,481.52,1457.5,107.73
2011-04-15,1319.68,483.72,1472.5,109.17
2011-04-18,1305.14,484.41,1484.5,106.7
2011-04-19,1312.62,484.7,1495.0,107.18
2011-04-20,1330.36,483.76,1505.0,110.84
2011-04-21,1337.38,483.51,1507.0,111.72
2011-04-26,1347.24,486.11,1505.0,111.72
2011-04-27,1355.66,484.89,1508.0,112.31
2011-04-28,1360.48,486.37,1531.0,112.38
2011-05-03,1356.62,488.47,1546.5,110.6
2011-05-04,1347.32,489.21,1536.0,108.79
2011-05-05,1335.1,490.59,1514.5,99.89
2011-05-06,1340.2,490.64,1487.75,96.87
2011-05-09,1346.29,491.07,1505.0,100.32
2011-05-10,1357.16,489.78,1517.25,103.39
2011-05-11,1342.08,490.91,1524.5,97.88
2011-05-12,1348.65,489.69,1488.25,98.53
2011-05-13,1337.77,490.98,1511.0,99.21
2011-05-16,1329.47,492.1,1495.0,96.91
2011-05-17,1328.98,493.22,1495.5,96.4
2011-05-18,1340.68,491.55,1491.25,99.52
2011-05-19,1343.6,491.38,1488.75,97.99
2011-05-20,1333.27,491.67,1502.75,99.15
2011-05-23,1317.37,492.46,1508.5,97.06
2011-05-24,1316.28,492.55,1520.75,99.13
2011-05-25,1320.47,492.16,1527.0,100.78
2011-05-26,1325.69,493.96,1521.5,100.18
2011-05-27,1331.1,493.72,1525.0,100.58
2011-05-31,1345.2,494.2,1537.0,102.7
2011-06-01,1314.55,496.07,1532.25,100.3
2011-06-02,1312.94,493.82,1540.75,100.41
2011-06-03,1300.16,494.67,1531.0,100.28
2011-06-06,1286.17,494.42,1542.75,99.07
2011-06-07,1284.94,494.45,1548.4,99.18
2011-06-08,1279.56,496.18,1535.5,100.77
2011-06-09,1289.0,495.01,1534.0,101.95
2011-06-10,1270.98,496.05,1541.0,99.3
2011-06-13,1271.83,495.3,1524.7,97.2
2011-06-14,1287.87,492.86,1519.0,99.37
2011-06-15,1265.42,495.98,1517.75,94.83
2011-06-16,1267.64,497.13,1525.0,94.95
2011-06-17,1271.5,496.13,1526.25,93.02
2011-06-20,1278.36,496.09,1537.0,93.23
2011-06-21,1295.52,495.56,1543.0,93.7
2011-06-22,1287.14,495.48,1546.0,94.96
2011-06-23,1283.5,497.81,1541.5,90.7
2011-06-24,1268.45,498.34,1521.0,90.89
2011-06-27,1280.1,496.12,1501.0,90.65
2011-06-28,1296.67,493.59,1502.5,92.9
2011-06-29,1307.41,492.25,1506.0,94.85
2011-06-30,1320.64,491.74,1508.0,95.3
2011-07-01,1339.67,490.92,1492.75,94.81
2011-07-05,1337.88,492.66,1498.75,96.92
2011-07-06,1339.22,494.04,1515.8,96.67
2011-07-07,1353.22,492.73,1526.25,98.7
2011-07-08,1343.8,496.41,1526.0,96.2
2011-07-11,1319.49,498.93,1543.5,95.16
2011-07-12,1313.64,499.15,1544.5,97.41
2011-07-13,1317.72,499.67,1571.5,98.04
2011-07-14,1308.87,498.29,1592.5,95.75
2011-07-15,1316.14,498.8,1578.5,97.24
2011-07-18,1305.44,498.31,1598.25,95.94
2011-07-19,1326.73,499.46,1602.0,97.49
2011-07-20,1325.84,498.13,1584.25,98.11
2011-07-21,1343.8,496.32,1600.5,98.96
2011-07-22,1345.02,497.83,1588.0,99.53
2011-07-25,1337.43,496.68,1618.5,98.97
2011-07-26,1331.94,498.37,1610.0,99.61
2011-07-27,1304.89,497.78,1621.0,97.4
2011-07-28,1300.67,498.92,1617.5,97.48
2011-07-29,1292.28,502.89,1613.75,95.68
2011-08-01,1286.94,504.66,1613.5,94.98
2011-08-02,1254.05,508.43,1624.0,93.78
2011-08-03,1260.34,509.01,1667.5,91.87
2011-08-04,1200.07,512.6,1664.25,86.75
2011-08-05,1199.38,508.86,1665.0,86.89
2011-08-08,1119.46,511.1,1709.75,81.27
2011-08-09,1172.53,514.83,1770.0,79.32
2011-08-10,1120.76,516.6,1753.75,83.05
2011-08-11,1172.64,511.48,1786.0,85.48
2011-08-12,1178.81,513.95,1755.0,85.19
2011-08-15,1204.49,512.14,1738.0,87.88
2011-08-16,1192.76,514.54,1779.0,86.65
2011-08-17,1193.89,515.74,1792.0,87.58
2011-08-18,1140.65,517.92,1794.5,82.38
2011-08-19,1123.53,518.7,1862.0,82.33
2011-08-22,1123.82,518.29,1877.75,84.42
2011-08-23,1162.35,516.81,1886.5,85.35
2011-08-24,1177.6,512.39,1850.0,84.99
2011-08-25,1159.27,513.13,1716.5,85.15
2011-08-26,1176.8,514.87,1787.0,85.37
2011-08-30,1212.92,515.76,1791.0,88.9
2011-08-31,1218.89,514.39,1826.0,88.81
2011-09-01,1204.42,516.61,1815.5,88.93
2011-09-02,1173.97,520.9,1854.0,86.45
2011-09-06,1165.24,522.01,1891.0,85.99
2011-09-07,1198.62,520.05,1844.0,89.34
2011-09-08,1185.9,521.32,1827.0,89.05
2011-09-09,1154.23,523.18,1879.5,87.24
2011-09-12,1162.27,522.54,1843.0,88.19
2011-09-13,1172.87,519.39,1806.0,90.21
2011-09-14,1188.68,519.53,1829.0,88.91
2011-09-15,1209.11,517.72,1806.0,89.4
2011-09-16,1216.01,517.98,1778.0,87.96
2011-09-19,1204.09,522.37,1817.0,85.7
2011-09-20,1202.09,521.67,1792.0,86.92
2011-09-21,1166.76,523.67,1810.25,85.77
2011-09-22,1129.56,527.82,1765.5,80.29
2011-09-23,1136.43,525.11,1730.0,79.58
2011-09-26,1162.95,521.89,1615.0,79.97
2011-09-27,1175.38,519.21,1671.0,84.18
2011-09-28,1151.06,520.11,1655.0,80.94
2011-09-29,1160.4,521.47,1620.0,81.87
2011-09-30,1131.42,523.21,1629.0,78.93
2011-10-03,1099.23,527.19,1660.0,77.34
2011-10-04,1123.95,527.21,1672.0,75.4
2011-10-05,1144.03,523.09,1600.0,79.41
2011-10-06,1164.97,520.81,1649.5,82.32
2011-10-07,1155.46,518.91,1651.0,82.7
2011-10-10,1194.89,519.05,1664.0,85.14
2011-10-11,1195.54,516.41,1662.0,85.54
2011-10-12,1207.25,514.95,1687.0,85.3
2011-10-13,1203.66,517.46,1673.0,83.96
2011-10-14,1224.58,516.12,1676.0,86.8
2011-10-17,1200.86,519.01,1689.0,86.38
2011-10-18,1225.38,519.22,1658.0,88.34
2011-10-19,1209.88,519.51,1651.0,86.11
2011-10-20,1215.39,519.59,1629.0,86.07
2011-10-21,1238.25,519.88,1623.0,87.19
2011-10-24,1254.19,519.92,1651.0,91.12
2011-10-25,1229.05,523.97,1656.25,92.98
2011-10-26,1242.0,521.6,1713.0,90.2
2011-10-27,1284.59,518.51,1708.0,93.96
2011-10-28,1285.09,521.19,1735.0,93.32
2011-10-31,1253.3,525.21,1718.0,93.19
2011-11-01,1218.28,530.47,1702.0,92.19
2011-11-02,1237.9,528.23,1731.0,92.51
2011-11-03,1261.15,525.9,1732.5,94.07
2011-11-04,1253.23,526.14,1756.0,94.26
2011-11-07,1261.12,528.1,1764.0,95.52
2011-11-08,1275.92,525.13,1794.0,96.8
2011-11-09,1229.1,527.37,1780.0,95.74
2011-11-10,1239.69,524.2,1766.0,97.78
2011-11-11,1263.85,524.25,1764.0,98.99
2011-11-14,1251.78,524.82,1780.5,98.14
2011-11-15,1257.81,523.83,1765.0,99.37
2011-11-16,1236.91,524.1,1773.0,102.59
2011-11-17,1216.13,525.46,1756.0,98.82
2011-11-18,1215.65,523.88,1730.0,97.67
2011-11-21,1192.98,524.85,1704.0,96.73
2011-11-22,1188.04,525.22,1697.5,97.76
2011-11-23,1161.79,527.29,1686.0,96.16
2011-11-25,1158.67,524.09,1676.0,96.91
2011-11-28,1192.55,523.85,1714.0,98.21
2011-11-29,1195.19,522.73,1717.0,99.79
2011-11-30,1246.96,518.78,1704.0,100.36
2011-12-01,1244.58,516.63,1750.0,100.2
2011-12-02,1244.28,519.54,1751.0,100.97
2011-12-05,1257.08,519.08,1744.0,100.94
2011-12-06,1258.47,518.18,1720.0,101.25
2011-12-07,1261.01,519.78,1731.0,100.45
2011-12-08,1234.35,521.45,1739.0,98.35
2011-12-09,1255.19,518.68,1712.0,99.4
2011-12-12,1236.47,519.39,1680.0,97.77
2011-12-13,1225.73,520.55,1665.0,100.24
2011-12-14,1211.82,522.57,1635.0,94.92
2011-12-15,1215.75,522.01,1590.0,93.84
2011-12-16,1219.66,524.23,1589.5,93.55
2011-12-19,1205.35,525.34,1593.0,93.86
2011-12-20,1241.3,522.22,1605.0,97.16
2011-12-21,1243.72,520.62,1637.5,98.54
2011-12-22,1254.0,521.06,1609.0,99.42
2011-12-23,1265.33,518.6,1607.5,99.72
2011-12-28,1249.64,522.94,1584.0,99.44
2011-12-29,1263.02,523.12,1537.5,99.68
2011-12-30,1257.6,523.94,1574.5,98.83
2012-01-03,1277.06,521.26,1590.0,102.96
2012-01-04,1277.3,520.24,1603.0,103.22
2012-01-05,1281.06,520.15,1614.5,101.81
2012-01-06,1277.81,521.48,1621.0,101.56
2012-01-09,1280.7,521.43,1618.0,101.31
2012-01-10,1292.08,521.42,1627.0,102.24
2012-01-11,1292.48,522.94,1641.0,100.89
2012-01-12,1295.5,522.36,1652.5,99.03
2012-01-13,1289.09,524.79,1642.0,98.69
2012-01-17,1293.67,525.3,1662.0,100.7
2012-01-18,1308.04,524.27,1657.0,100.61
2012-01-19,1314.5,522.28,1664.0,100.32
2012-01-20,1315.38,520.97,1646.0,98.15
2012-01-23,1316.0,520.27,1675.0,99.47
2012-01-24,1314.65,520.01,1669.0,98.84
2012-01-25,1326.05,521.47,1659.0,99.23
2012-01-26,1318.43,523.12,1713.0,99.76
2012-01-27,1316.33,524.06,1722.0,99.47
2012-01-30,1313.01,526.52,1720.5,98.75
2012-01-31,1312.41,527.22,1738.0,98.46
2012-02-01,1324.09,526.32,1744.0,97.63
2012-02-02,1325.54,526.18,1747.5,96.36
2012-02-03,1344.9,522.96,1759.5,97.8
2012-02-06,1344.33,524.93,1717.0,96.89
2012-02-07,1347.05,523.14,1720.0,98.55
2012-02-08,1349.96,523.69,1743.0,98.8
2012-02-09,1351.95,522.44,1733.0,99.88
2012-02-10,1342.64,525.16,1715.5,98.68
2012-02-13,1351.77,524.28,1727.0,100.39
2012-02-14,1350.5,526.17,1721.0,100.82
2012-02-15,1343.23,526.0,1725.5,101.82
2012-02-16,1358.04,524.01,1716.0,102.33
2012-02-17,1361.23,523.92,1732.0,103.27
2012-02-21,1362.21,523.13,1737.0,105.88
2012-02-22,1357.66,524.37,1754.75,105.99
2012-02-23,1363.46,525.18,1776.5,107.44
2012-02-24,1365.74,525.54,1778.5,109.39
2012-02-27,1367.59,527.37,1765.0,108.49
2012-02-28,1372.18,527.34,1774.75,106.59
2012-02-29,1365.68,526.62,1788.0,107.08
2012-03-01,1374.09,525.02,1721.0,108.76
2012-03-02,1369.63,526.72,1714.5,106.68
2012-03-05,1364.33,525.81,1698.0,106.7
2012-03-06,1343.36,527.12,1685.5,104.71
2012-03-07,1352.63,526.17,1682.5,106.16
2012-03-08,1365.91,524.79,1701.5,106.65
2012-03-09,1370.87,524.41,1699.5,107.4
2012-03-12,1371.09,525.28,1705.25,106.34
2012-03-13,1395.95,523.52,1694.75,106.7
2012-03-14,1394.28,518.79,1662.0,105.49
2012-03-15,1402.6,519.58,1646.75,105.19
2012-03-16,1404.17,519.31,1649.0,107.03
2012-03-19,1409.75,517.05,1654.0,108.09
2012-03-20,1405.52,517.78,1648.5,105.68
2012-03-21,1402.89,520.09,1656.0,106.87
2012-03-22,1392.78,520.69,1636.0,104.98
2012-03-23,1397.11,521.81,1651.0,106.43
2012-03-26,1416.51,521.71,1658.0,107.07
2012-03-27,1412.52,523.15,1694.0,107.32
2012-03-28,1405.54,522.99,1677.0,105.4
2012-03-29,1403.28,524.1,1655.75,102.79
2012-03-30,1408.47,522.18,1660.75,103.03
2012-04-02,1419.04,522.84,1664.0,105.25
2012-04-03,1413.38,520.42,1674.75,104.02
2012-04-04,1398.96,521.57,1631.75,101.53
2012-04-05,1398.08,523.08,1622.5,103.29
2012-04-10,1358.59,527.52,1643.75,101.12
2012-04-11,1368.71,525.98,1654.0,102.66
2012-04-12,1387.57,525.6,1655.5,103.69
2012-04-13,1370.26,527.34,1670.5,102.84
2012-04-16,1369.57,527.96,1648.25,102.92
2012-04-17,1390.78,526.9,1652.0,104.23
2012-04-18,1385.14,527.74,1646.5,102.65
2012-04-19,1376.92,527.99,1642.0,102.38
2012-04-20,1378.53,527.31,1640.0,103.58
2012-04-23,1366.94,528.46,1632.0,102.68
2012-04-24,1371.97,527.22,1638.75,103.1
2012-04-25,1390.69,526.28,1641.25,103.72
2012-04-26,1399.98,526.95,1648.25,104.56
2012-04-27,1403.36,527.32,1654.0,104.86
2012-04-30,1397.91,528.03,1662.5,104.89
2012-05-01,1405.82,526.74,1661.25,106.17
2012-05-02,1402.31,527.64,1652.5,105.25
2012-05-03,1391.57,527.79,1642.5,102.56
2012-05-04,1369.1,528.94,1629.5,98.49
2012-05-08,1363.72,530.38,1627.0,97.13
2012-05-09,1354.58,529.87,1585.5,96.8
2012-05-10,1357.99,529.44,1590.0,97.1
2012-05-11,1353.39,530.61,1580.75,96.03
2012-05-14,1338.35,531.89,1563.0,94.75
2012-05-15,1330.66,531.94,1559.0,93.97
2012-05-16,1324.8,532.14,1537.5,92.78
2012-05-17,1304.86,533.69,1547.0,92.53
2012-05-18,1295.22,532.35,1588.0,91.51
2012-05-21,1315.99,532.06,1590.25,92.57
2012-05-22,1316.63,529.87,1575.75,91.44
2012-05-23,1318.86,532.29,1555.0,89.4
2012-05-24,1320.68,530.75,1558.5,90.36
2012-05-25,1317.82,531.05,1560.5,90.64
2012-05-29,1332.42,531.7,1573.75,90.75
2012-05-30,1313.32,533.99,1548.75,87.79
2012-05-31,1310.33,535.27,1567.5,86.52
2012-06-01,1278.04,537.77,1552.5,83.17
2012-06-06,1315.13,533.08,1633.25,85.05
2012-06-07,1314.99,533.36,1620.75,84.78
2012-06-08,1325.66,533.53,1576.0,84.08
2012-06-11,1308.93,535.13,1593.0,82.58
2012-06-12,1324.18,533.28,1589.25,83.35
2012-06-13,1314.88,535.04,1612.75,82.56
2012-06-14,1329.1,534.82,1619.0,83.83
2012-06-15,1342.84,536.03,1622.25,84.03
2012-06-18,1344.78,536.15,1623.5,83.26
2012-06-19,1357.98,534.85,1628.5,83.99
2012-06-20,1355.69,534.73,1618.75,81.06
2012-06-21,1325.51,536.16,1600.0,77.91
2012-06-22,1335.02,534.26,1570.5,79.33
2012-06-25,1313.72,536.5,1569.0,78.76
2012-06-26,1319.99,535.95,1583.25,79.34
2012-06-27,1331.85,536.36,1567.5,80.27
2012-06-28,1329.04,537.6,1567.75,77.72
2012-06-29,1362.16,535.69,1569.5,85.04
2012-07-02,1365.51,538.33,1596.25,83.72
2012-07-03,1374.02,536.88,1608.5,87.74
2012-07-05,1367.58,537.82,1616.75,87.11
2012-07-06,1354.68,539.27,1591.75,84.37
2012-07-09,1352.46,540.77,1581.0,85.93
2012-07-10,1341.47,541.21,1594.5,83.92
2012-07-11,1341.45,541.59,1576.5,85.88
2012-07-12,1334.76,542.14,1565.5,86.02
2012-07-13,1356.78,542.01,1579.0,87.15
2012-07-16,1353.64,543.71,1584.0,88.41
2012-07-17,1363.67,542.74,1595.0,89.07
2012-07-18,1372.78,543.81,1579.5,89.88
2012-07-19,1376.51,543.0,1580.0,92.78
2012-07-20,1362.66,545.0,1583.0,91.56
2012-07-23,1350.52,546.17,1571.5,87.77
2012-07-24,1338.31,547.76,1573.0,88.28
2012-07-25,1337.89,547.44,1587.5,88.8
2012-07-26,1360.02,546.81,1603.0,89.4
2012-07-27,1385.97,544.14,1618.75,90.13
2012-07-30,1385.3,546.1,1616.5,89.8
2012-07-31,1379.32,546.09,1622.75,88.08
2012-08-01,1375.14,545.79,1614.75,88.99
2012-08-02,1365.0,546.99,1604.5,87.22
2012-08-03,1390.99,543.96,1595.0,91.4
2012-08-06,1394.23,544.83,1606.75,92.3
2012-08-07,1401.35,542.6,1613.0,93.68
2012-08-08,1402.22,541.98,1607.0,93.39
2012-08-09,1402.8,541.68,1612.75,93.39
2012-08-10,1405.87,542.56,1608.5,92.94
2012-08-13,1404.11,542.47,1622.25,92.76
2012-08-14,1403.93,540.25,1614.5,93.4
2012-08-15,1405.53,538.08,1594.75,94.35
2012-08-16,1415.51,537.51,1603.5,95.66
2012-08-17,1418.16,538.2,1616.5,96.0
2012-08-20,1418.13,538.66,1615.25,96.03
2012-08-21,1413.17,538.56,1624.0,96.55
2012-08-22,1413.49,540.87,1640.5,96.89
2012-08-23,1402.08,542.35,1662.5,95.87
2012-08-24,1411.13,541.98,1666.5,95.78
2012-08-28,1409.3,543.42,1663.5,96.3
2012-08-29,1410.49,542.72,1664.25,95.5
2012-08-30,1399.48,543.68,1657.0,94.61
2012-08-31,1406.58,545.39,1657.75,96.47
2012-09-04,1404.94,545.05,1691.5,95.34
2012-09-05,1403.44,544.65,1689.5,95.37
2012-09-06,1432.12,542.28,1708.5,95.58
2012-09-07,1437.92,543.02,1696.0,96.41
2012-09-10,1429.08,542.63,1732.75,96.52
2012-09-11,1433.56,542.67,1731.0,97.03
2012-09-12,1436.56,540.6,1742.75,97.02
2012-09-13,1459.99,540.47,1730.5,98.3
2012-09-14,1465.77,538.96,1772.5,98.94
2012-09-17,1461.19,540.02,1767.25,96.51
2012-09-18,1459.32,540.4,1756.75,95.25
2012-09-19,1461.05,541.38,1774.5,91.97
2012-09-20,1460.26,541.89,1760.0,92.14
2012-09-21,1460.15,542.15,1773.75,92.64
2012-09-24,1456.89,543.81,1758.5,91.68
2012-09-25,1441.59,544.8,1766.75,91.07
2012-09-26,1433.32,546.64,1763.75,89.92
2012-09-27,1447.15,546.01,1755.25,91.89
2012-09-28,1440.67,546.11,1781.0,92.18
2012-10-01,1444.49,546.45,1770.5,92.44
2012-10-02,1445.75,546.95,1778.5,91.88
2012-10-03,1450.99,546.7,1777.25,88.19
2012-10-04,1461.4,545.26,1786.5,91.69
2012-10-05,1460.93,543.03,1790.0,89.87
2012-10-08,1455.88,543.16,1769.0,89.43
2012-10-09,1441.48,543.98,1770.75,92.42
2012-10-10,1432.56,545.13,1763.0,91.24
2012-10-11,1432.84,546.1,1767.25,92.19
2012-10-12,1428.59,546.72,1767.0,91.83
2012-10-15,1440.13,546.78,1747.25,91.84
2012-10-16,1454.92,545.07,1737.5,92.07
2012-10-17,1460.91,542.87,1747.75,92.04
2012-10-18,1457.34,542.65,1748.0,92.0
2012-10-19,1433.19,544.42,1732.75,90.0
2012-10-22,1433.82,544.08,1725.0,88.3
2012-10-23,1413.11,545.17,1717.0,86.65
2012-10-24,1408.75,545.14,1708.5,85.39
2012-10-25,1412.97,543.55,1715.0,85.59
2012-10-26,1411.94,545.24,1704.0,85.84
2012-10-31,1412.16,547.34,1718.0,86.23
2012-11-01,1427.59,546.45,1723.25,87.05
2012-11-02,1414.2,545.91,1708.25,84.9
2012-11-05,1417.26,546.82,1679.0,85.64
2012-11-06,1428.39,545.45,1691.75,88.62
2012-11-07,1394.53,547.95,1730.5,84.5
2012-11-08,1377.51,548.62,1715.0,85.07
2012-11-09,1379.85,548.5,1732.75,86.08
2012-11-12,1380.03,548.63,1735.75,85.56
2012-11-13,1374.53,548.97,1724.75,85.38
2012-11-14,1355.49,548.86,1724.5,86.32
2012-11-15,1353.33,547.98,1723.5,85.45
2012-11-16,1359.88,548.22,1710.0,86.62
2012-11-19,1386.89,547.21,1723.25,89.05
2012-11-20,1387.81,545.98,1734.0,86.46
2012-11-21,1391.03,545.09,1726.75,87.08
2012-11-23,1409.15,545.03,1734.75,87.01
2012-11-26,1406.29,545.97,1747.25,87.28
2012-11-27,1398.94,546.6,1747.25,86.81
2012-11-28,1409.93,547.12,1741.0,86.1
2012-11-29,1415.95,546.94,1724.5,87.64
2012-11-30,1416.18,546.99,1728.25,88.54
2012-12-03,1409.46,546.72,1718.0,88.69
2012-12-04,1407.05,547.28,1706.75,88.04
2012-12-05,1409.28,547.54,1703.0,87.36
2012-12-06,1413.94,548.04,1693.0,85.47
2012-12-07,1418.07,546.69,1697.0,85.45
2012-12-10,1418.55,547.17,1708.5,85.14
2012-12-11,1427.84,546.23,1709.75,85.36
2012-12-12,1428.48,545.22,1712.5,86.35
2012-12-13,1419.45,544.49,1694.75,85.39
2012-12-14,1413.58,545.23,1696.5,86.32
2012-12-17,1430.36,543.89,1690.0,86.71
2012-12-18,1446.79,541.66,1699.5,87.46
2012-12-19,1435.81,542.65,1674.5,89.09
2012-12-20,1443.69,542.68,1667.0,89.76
2012-12-21,1430.15,544.21,1648.25,88.2
2012-12-24,1426.66,543.75,1662.5,88.29
2012-12-27,1418.1,545.63,1655.25,90.91
2012-12-28,1402.43,545.61,1658.75,90.66
2012-12-31,1426.19,544.76,1664.0,91.83
2013-01-02,1462.42,541.2,1681.5,93.14
2013-01-03,1459.37,539.22,1684.5,92.97
2013-01-04,1466.47,538.94,1632.25,93.12
2013-01-07,1461.89,539.58,1653.75,93.2
2013-01-08,1457.15,540.77,1653.75,93.21
2013-01-09,1461.02,541.28,1663.5,93.08
2013-01-10,1472.12,540.41,1663.0,93.81
2013-01-11,1472.05,541.23,1669.5,93.6
2013-01-14,1470.68,541.93,1667.75,94.27
2013-01-15,1472.34,542.98,1681.0,93.26
2013-01-16,1472.63,543.03,1679.75,94.28
2013-01-17,1480.94,541.16,1683.25,95.49
2013-01-18,1485.98,542.55,1690.0,95.61
2013-01-22,1492.56,543.01,1692.5,96.09
2013-01-23,1494.81,542.89,1692.25,95.06
2013-01-24,1494.82,542.47,1677.0,95.35
2013-01-25,1502.96,538.82,1670.25,95.15
2013-01-28,1500.18,538.27,1656.75,95.95
2013-01-29,1507.84,537.58,1660.5,97.62
2013-01-30,1501.96,536.66,1666.25,97.98
2013-01-31,1498.11,536.84,1674.5,97.65
2013-02-01,1513.17,536.17,1665.0,97.46
2013-02-04,1495.71,537.44,1664.25,96.21
2013-02-05,1511.29,535.97,1678.0,96.68
2013-02-06,1512.12,537.47,1670.0,96.44
2013-02-07,1509.39,538.27,1675.75,95.84
2013-02-08,1517.93,538.18,1669.75,95.71
2013-02-11,1517.01,538.99,1663.5,97.01
2013-02-12,1519.43,537.5,1641.75,97.48
2013-02-13,1520.33,536.27,1648.0,97.03
2013-02-14,1521.38,538.2,1644.0,97.3
2013-02-15,1519.79,537.66,1629.25,95.95
2013-02-19,1530.94,536.32,1613.5,96.69
2013-02-20,1511.95,536.33,1602.0,94.92
2013-02-21,1502.42,538.01,1568.5,92.79
2013-02-22,1515.6,538.71,1580.0,93.12
2013-02-25,1487.85,541.44,1592.5,92.74
2013-02-26,1496.94,541.98,1597.25,92.63
2013-02-27,1515.99,541.19,1608.5,92.84
2013-02-28,1514.68,541.51,1591.0,92.03
2013-03-01,1518.2,542.49,1570.0,90.71
2013-03-04,1525.2,541.31,1578.0,90.13
2013-03-05,1539.79,540.73,1584.25,90.88
2013-03-06,1541.46,538.98,1574.0,90.47
2013-03-07,1544.26,537.06,1580.5,91.53
2013-03-08,1551.18,535.16,1577.0,92.01
2013-03-11,1556.22,535.29,1577.5,92.07
2013-03-12,1552.48,536.6,1582.5,92.44
2013-03-13,1554.52,536.69,1591.5,92.47
2013-03-14,1563.23,535.89,1585.0,93.03
2013-03-15,1560.7,536.9,1593.25,93.49
2013-03-18,1552.1,538.35,1599.5,93.71
2013-03-19,1548.34,540.21,1602.5,92.44
2013-03-20,1558.71,538.78,1611.5,93.21
2013-03-21,1545.8,539.01,1608.75,92.46
2013-03-22,1556.89,539.73,1611.5,93.41
2013-03-25,1551.69,539.54,1602.25,94.55
2013-03-26,1563.77,540.0,1597.25,95.99
2013-03-27,1562.85,541.57,1591.0,96.53
2013-03-28,1569.19,540.86,1602.5,97.24
2013-04-02,1570.25,540.89,1597.75,97.23
2013-04-03,1553.69,542.59,1568.5,95.02
2013-04-04,1559.98,544.93,1545.25,93.26
2013-04-05,1553.28,548.63,1552.75,92.76
2013-04-08,1563.07,547.12,1577.25,93.36
2013-04-09,1568.61,546.28,1572.5,94.18
2013-04-10,1587.73,544.19,1581.5,94.59
2013-04-11,1593.37,544.81,1555.75,93.44
2013-04-12,1588.85,547.54,1548.0,91.23
2013-04-15,1552.36,548.7,1416.0,88.75
2013-04-16,1574.57,547.69,1378.0,88.73
2013-04-17,1552.01,547.96,1379.0,86.65
2013-04-18,1541.61,548.79,1397.0,87.83
2013-04-19,1555.25,547.9,1414.0,88.04
2013-04-22,1562.5,548.17,1425.0,88.81
2013-04-23,1578.78,547.99,1417.25,89.21
2013-04-24,1578.79,548.15,1424.5,91.07
2013-04-25,1585.16,547.54,1446.5,93.27
2013-04-26,1582.24,549.54,1462.25,92.63
2013-04-29,1593.61,549.06,1472.5,94.09
2013-04-30,1597.57,548.95,1472.75,93.22
2013-05-01,1582.7,550.61,1469.5,90.74
2013-05-02,1597.59,550.86,1456.0,93.7
2013-05-03,1614.42,546.57,1476.5,95.25
2013-05-07,1625.96,545.01,1463.0,95.28
2013-05-08,1632.69,545.84,1454.0,96.24
2013-05-09,1626.67,545.1,1469.5,96.09
2013-05-10,1633.7,541.93,1449.25,95.81
2013-05-13,1633.77,541.41,1429.75,94.76
2013-05-14,1650.34,539.76,1436.5,93.96
2013-05-15,1658.78,540.87,1412.25,93.95
2013-05-16,1650.47,543.37,1377.0,94.85
2013-05-17,1667.47,540.2,1376.75,95.72
2013-05-20,1666.29,540.02,1353.75,96.29
2013-05-21,1669.16,540.9,1378.75,95.55
2013-05-22,1655.35,538.7,1385.25,93.98
2013-05-23,1650.51,539.06,1386.0,94.12
2013-05-24,1649.6,539.77,1385.25,93.84
2013-05-28,1660.06,536.08,1379.0,94.65
2013-05-29,1648.36,536.53,1384.5,93.13
2013-05-30,1654.41,536.04,1406.25,93.57
2013-05-31,1630.74,534.88,1410.25,91.93
2013-06-03,1640.42,536.02,1396.75,93.41
2013-06-04,1631.38,534.92,1405.25,93.36
2013-06-05,1608.9,535.94,1396.5,93.66
2013-06-06,1622.56,536.15,1399.5,94.71
2013-06-07,1643.38,532.6,1410.0,96.11
2013-06-10,1642.81,530.95,1376.75,95.82
2013-06-11,1626.13,531.13,1369.5,95.5
2013-06-12,1612.52,529.96,1377.25,95.98
2013-06-13,1636.36,531.73,1386.25,96.66
2013-06-14,1626.73,533.45,1379.75,97.83
2013-06-17,1639.04,531.78,1386.0,97.86
2013-06-18,1651.81,531.9,1378.5,98.46
2013-06-19,1628.93,528.08,1366.0,98.24
2013-06-20,1588.19,523.24,1303.25,94.89
2013-06-21,1592.43,521.02,1290.25,93.81
2013-06-24,1573.09,519.99,1283.25,95.07
2013-06-25,1588.03,518.69,1285.0,95.25
2013-06-26,1603.26,520.63,1229.0,95.47
2013-06-27,1613.2,522.5,1232.0,97.0
2013-06-28,1606.28,523.81,1203.25,96.36
2013-07-01,1614.96,524.61,1243.5,97.94
2013-07-02,1614.08,525.5,1260.75,99.65
2013-07-03,1615.41,524.61,1246.0,101.92
2013-07-05,1631.89,517.28,1232.75,103.09
2013-07-08,1640.46,520.39,1225.5,103.03
2013-07-09,1652.32,520.4,1252.0,103.46
2013-07-10,1652.62,518.99,1252.25,106.41
2013-07-11,1675.02,522.73,1280.75,104.77
2013-07-12,1680.19,521.76,1275.0,105.85
2013-07-15,1682.5,523.46,1281.25,106.2
2013-07-16,1676.26,524.63,1286.0,105.88
2013-07-17,1680.91,525.96,1284.25,106.39
2013-07-18,1689.37,523.95,1279.75,107.94
2013-07-19,1692.09,526.08,1286.0,108.0
2013-07-22,1695.53,526.69,1313.75,106.61
2013-07-23,1692.39,525.41,1326.75,107.13
2013-07-24,1685.94,523.27,1340.0,105.41
2013-07-25,1690.25,522.84,1312.0,105.47
2013-07-26,1691.65,524.98,1327.75,104.76
2013-07-29,1685.33,523.52,1330.75,104.61
2013-07-30,1685.96,523.1,1322.25,103.14
2013-07-31,1685.73,523.71,1331.5,105.1
2013-08-01,1706.87,518.87,1323.75,107.93
2013-08-02,1709.67,523.03,1285.75,106.94
2013-08-05,1707.14,521.7,1311.0,106.61
2013-08-06,1697.37,521.69,1292.0,105.32
2013-08-07,1690.91,523.12,1275.5,104.41
2013-08-08,1697.48,523.56,1287.75,103.45
2013-08-09,1691.42,523.82,1305.5,106.04
2013-08-12,1689.47,522.63,1325.75,106.19
2013-08-13,1694.16,518.87,1334.0,106.78
2013-08-14,1685.39,518.97,1323.25,106.89
2013-08-15,1661.32,516.87,1339.5,107.43
2013-08-16,1655.83,514.5,1360.75,107.58
2013-08-19,1646.06,512.37,1375.25,107.14
2013-08-20,1652.35,514.52,1365.75,104.9
2013-08-21,1642.8,513.03,1360.0,103.93
2013-08-22,1656.96,512.08,1370.5,104.93
2013-08-23,1663.5,515.28,1374.5,106.48
2013-08-27,1630.48,519.79,1411.0,109.11
2013-08-28,1634.96,517.43,1425.5,110.17
2013-08-29,1638.17,519.31,1406.25,108.51
2013-09-03,1639.77,516.43,1391.25,108.67
2013-09-04,1653.08,515.02,1403.75,107.29
2013-09-05,1655.08,511.34,1391.75,108.5
2013-09-06,1655.17,512.31,1368.25,110.62
2013-09-09,1671.71,514.22,1386.0,109.62
2013-09-10,1683.99,511.88,1373.0,107.48
2013-09-11,1689.13,513.16,1365.25,107.65
2013-09-12,1683.42,513.69,1340.25,108.72
2013-09-13,1687.99,513.75,1308.25,108.31
2013-09-16,1697.6,513.9,1314.75,106.54
2013-09-17,1704.76,514.36,1317.25,105.36
2013-09-18,1725.52,518.71,1299.75,108.23
2013-09-19,1722.34,517.52,1363.5,106.26
2013-09-20,1709.91,518.99,1355.25,104.7
2013-09-23,1701.84,519.74,1321.75,103.62
2013-09-24,1697.42,522.25,1316.5,103.22
2013-09-25,1692.77,523.6,1320.25,102.68
2013-09-26,1698.67,522.26,1332.5,103.1
2013-09-27,1691.75,522.72,1321.5,102.86
2013-09-30,1681.55,522.46,1335.75,102.36
2013-10-01,1695.0,521.27,1332.25,102.09
2013-10-02,1693.87,521.82,1293.75,104.15
2013-10-03,1678.66,522.24,1309.0,103.29
2013-10-04,1690.5,521.07,1316.0,103.83
2013-10-07,1676.12,522.2,1311.0,103.07
2013-10-08,1655.45,522.15,1321.0,103.54
2013-10-09,1656.4,521.13,1309.5,101.63
2013-10-10,1692.56,520.68,1298.0,103.08
2013-10-11,1703.2,521.29,1285.75,102.17
2013-10-14,1710.14,521.45,1276.0,102.46
2013-10-15,1698.06,520.34,1255.5,101.15
2013-10-16,1721.54,522.63,1278.25,102.34
2013-10-17,1733.15,525.25,1308.5,100.72
2013-10-18,1744.5,525.51,1317.0,100.87
2013-10-21,1744.66,524.68,1316.0,99.28
2013-10-22,1754.67,527.68,1311.75,97.63
2013-10-23,1746.38,528.64,1333.0,96.9
2013-10-24,1752.07,527.44,1336.25,96.65
2013-10-25,1759.77,528.29,1341.75,97.4
2013-10-28,1762.11,528.08,1351.0,98.74
2013-10-29,1771.95,527.94,1346.75,98.29
2013-10-30,1763.31,527.55,1349.5,96.81
2013-10-31,1756.54,527.39,1333.75,96.29
2013-11-01,1761.64,524.98,1314.75,94.56
2013-11-04,1767.93,525.25,1314.25,94.58
2013-11-05,1762.97,522.95,1311.25,93.4
2013-11-06,1770.49,523.36,1317.0,94.74
2013-11-07,1747.15,524.82,1316.0,94.25
2013-11-08,1770.61,520.33,1309.0,94.56
2013-11-11,1771.89,520.49,1283.75,95.13
2013-11-12,1767.69,519.82,1281.0,93.12
2013-11-13,1782.0,521.13,1276.0,93.91
2013-11-14,1790.62,522.79,1283.25,93.76
2013-11-15,1798.18,522.35,1281.75,93.8
2013-11-18,1791.53,524.82,1283.5,93.03
2013-11-19,1787.87,523.09,1272.25,93.35
2013-11-20,1781.37,520.12,1271.5,93.34
2013-11-21,1795.85,520.91,1248.5,95.35
2013-11-22,1804.76,522.61,1241.75,94.53
2013-11-25,1802.48,523.16,1231.75,93.86
2013-11-26,1802.75,525.1,1250.75,93.41
2013-11-27,1807.23,523.94,1250.75,92.05
2013-11-29,1805.81,524.04,1245.25,92.55
2013-12-02,1800.9,521.93,1237.5,93.61
2013-12-03,1795.15,523.0,1219.0,95.83
2013-12-04,1792.81,520.32,1213.0,96.97
2013-12-05,1785.03,520.04,1234.0,97.14
2013-12-06,1805.09,519.88,1230.75,97.48
2013-12-09,1808.37,520.84,1228.5,97.1
2013-12-10,1802.62,523.19,1245.75,98.32
2013-12-11,1782.22,521.69,1255.25,97.25
2013-12-12,1775.5,521.72,1243.5,97.21
2013-12-13,1775.32,522.73,1222.75,96.27
2013-12-16,1786.54,522.24,1229.5,97.18
2013-12-17,1781.0,523.14,1237.25,96.99
2013-12-18,1810.65,522.34,1233.25,97.59
2013-12-19,1809.6,522.53,1205.25,98.4
2013-12-20,1818.32,524.97,1195.0,99.11
2013-12-23,1827.99,524.12,1192.75,98.62
2013-12-24,1833.32,521.97,1196.5,98.87
2013-12-27,1841.4,521.19,1209.25,99.94
2013-12-30,1841.07,522.74,1201.5,98.9
2013-12-31,1848.36,521.5,1201.5,98.17
2014-01-02,1831.98,522.56,1219.75,95.14
2014-01-03,1831.37,522.55,1232.25,93.66
2014-01-06,1826.77,524.12,1238.0,93.12
2014-01-07,1837.88,524.96,1237.5,93.31
2014-01-08,1837.49,523.61,1226.5,91.9
2014-01-09,1838.13,524.68,1226.0,91.36
2014-01-10,1842.37,528.39,1232.25,92.39
2014-01-13,1819.2,529.41,1246.0,91.45
2014-01-14,1838.88,527.99,1248.75,92.15
2014-01-15,1848.38,527.22,1238.0,93.78
2014-01-16,1845.89,528.68,1237.25,93.54
2014-01-17,1838.7,529.52,1241.0,93.96
2014-01-21,1843.8,530.13,1247.75,94.51
2014-01-22,1844.86,528.72,1239.5,96.35
2014-01-23,1828.46,531.75,1244.25,97.23
2014-01-24,1790.29,532.31,1259.25,96.66
2014-01-27,1781.56,531.11,1270.0,95.82
2014-01-28,1792.5,531.9,1253.5,97.49
2014-01-29,1774.2,534.17,1254.75,97.34
2014-01-30,1794.19,533.64,1254.0,98.25
2014-01-31,1782.59,534.61,1246.5,97.55
2014-02-03,1741.89,537.68,1246.5,96.44
2014-02-04,1755.2,535.74,1253.0,97.24
2014-02-05,1751.64,533.78,1257.0,97.4
2014-02-06,1773.43,532.6,1258.5,97.84
2014-02-07,1797.02,533.59,1260.0,99.98
2014-02-10,1799.84,533.67,1273.5,100.12
2014-02-11,1819.75,532.62,1282.75,99.96
2014-02-12,1819.26,531.05,1286.5,100.38
2014-02-13,1829.83,532.99,1290.25,100.27
2014-02-14,1838.63,532.59,1308.5,100.31
2014-02-18,1840.76,533.91,1314.0,102.54
2014-02-19,1828.75,532.92,1318.75,103.46
2014-02-20,1839.78,532.22,1313.75,103.2
2014-02-21,1836.25,533.8,1320.75,102.53
2014-02-24,1847.61,533.3,1333.0,103.17
2014-02-25,1845.12,535.4,1332.75,102.2
2014-02-26,1845.16,536.89,1340.0,102.93
2014-02-27,1854.29,538.44,1331.0,102.68
2014-02-28,1859.45,538.36,1327.75,102.88
2014-03-03,1845.73,540.25,1344.25,105.34
2014-03-04,1873.91,537.07,1339.5,103.64
2014-03-05,1873.81,536.81,1333.5,101.75
2014-03-06,1877.03,535.07,1334.25,101.82
2014-03-07,1878.04,533.27,1348.25,102.82
2014-03-10,1877.17,533.44,1334.25,101.39
2014-03-11,1867.63,534.21,1348.0,100.29
2014-03-12,1868.2,535.63,1355.75,98.29
2014-03-13,1846.34,538.42,1371.0,98.57
2014-03-14,1841.13,538.13,1370.0,99.23
2014-03-17,1858.83,536.28,1379.0,98.43
2014-03-18,1872.25,536.74,1362.5,100.08
2014-03-19,1860.77,533.77,1346.0,100.71
2014-03-20,1872.01,533.96,1327.0,99.68
2014-03-21,1866.52,535.5,1338.5,99.97
2014-03-24,1857.44,536.9,1322.0,100.05
2014-03-25,1865.62,536.97,1314.75,99.66
2014-03-26,1852.56,538.42,1314.5,100.61
2014-03-27,1849.04,539.78,1295.0,101.25
2014-03-28,1857.62,538.26,1295.75,101.73
2014-03-31,1872.34,538.06,1294.0,101.57
2014-04-01,1885.52,537.08,1286.5,99.69
2014-04-02,1890.9,535.74,1284.0,99.6
2014-04-03,1888.77,536.05,1287.25,100.29
2014-04-04,1865.09,538.81,1293.5,101.16
2014-04-07,1845.04,540.14,1299.0,100.43
2014-04-08,1851.96,540.8,1314.75,102.57
2014-04-09,1872.18,540.4,1309.75,103.55
2014-04-10,1833.08,542.8,1321.5,103.37
2014-04-11,1815.69,543.67,1317.25,103.68
2014-04-14,1830.61,543.14,1324.5,104.05
2014-04-15,1842.98,543.73,1311.5,103.7
2014-04-16,1862.31,543.56,1299.0,103.71
2014-04-17,1864.85,541.06,1299.25,104.33
2014-04-22,1879.55,541.21,1290.75,101.69
2014-04-23,1875.39,542.68,1283.5,101.47
2014-04-24,1878.61,542.64,1283.5,102.2
2014-04-25,1863.4,543.59,1294.25,100.85
2014-04-28,1869.43,542.95,1302.0,101.13
2014-04-29,1878.33,541.89,1289.75,101.56
2014-04-30,1883.95,543.58,1292.0,100.07
2014-05-01,1883.68,545.52,1283.0,99.69
2014-05-02,1881.14,546.45,1285.0,100.09
2014-05-06,1867.72,546.21,1308.5,99.81
2014-05-07,1878.21,545.91,1311.0,101.06
2014-05-08,1875.63,546.31,1291.25,100.52
2014-05-09,1878.48,545.15,1289.0,100.32
2014-05-12,1896.65,543.69,1292.75,100.89
2014-05-13,1897.45,545.31,1292.75,102.01
2014-05-14,1888.53,548.45,1300.25,102.63
2014-05-15,1870.85,550.01,1303.75,101.74
2014-05-16,1877.86,549.56,1293.75,102.31
2014-05-19,1885.08,548.66,1301.0,102.95
2014-05-20,1872.83,549.24,1291.5,102.8
2014-05-21,1888.03,547.53,1292.0,104.31
2014-05-22,1892.49,546.86,1294.5,104.03
2014-05-23,1900.53,548.04,1292.0,105.01
2014-05-27,1911.91,549.18,1283.0,104.78
2014-05-28,1909.78,552.37,1265.25,103.37
2014-05-29,1920.03,551.82,1254.0,104.26
2014-05-30,1923.57,551.37,1254.0,103.4
2014-06-02,1924.97,548.54,1244.75,103.07
2014-06-03,1924.24,546.34,1244.25,103.34
2014-06-04,1927.88,546.0,1246.0,103.27
2014-06-05,1940.46,546.6,1244.75,103.17
2014-06-06,1949.44,546.09,1254.0,103.32
2014-06-09,1951.27,545.51,1255.0,105.09
2014-06-10,1950.79,544.77,1253.5,105.02
2014-06-11,1943.89,544.86,1262.5,105.04
2014-06-12,1930.11,547.08,1261.75,107.2
2014-06-13,1936.16,546.52,1273.0,107.49
2014-06-16,1937.78,547.11,1281.75,107.52
2014-06-17,1941.99,545.29,1264.5,106.95
2014-06-18,1956.98,546.57,1269.0,106.64
2014-06-19,1959.48,545.83,1282.0,107.08
2014-06-20,1962.87,546.06,1310.0,107.95
2014-06-23,1962.61,546.31,1313.5,106.83
2014-06-24,1949.98,547.8,1323.0,106.64
2014-06-25,1959.53,548.8,1312.0,107.04
2014-06-26,1957.22,550.25,1311.5,106.49
2014-06-27,1960.96,549.73,1315.25,106.46
2014-06-30,1960.23,550.64,1313.0,106.07
2014-07-01,1973.32,548.38,1325.75,106.06
2014-07-02,1974.62,545.82,1326.75,105.18
2014-07-03,1985.44,545.13,1322.5,104.76
2014-07-07,1977.65,546.66,1313.25,104.19
2014-07-08,1963.71,548.83,1318.25,104.06
2014-07-09,1972.83,549.54,1322.5,102.93
2014-07-10,1964.68,549.67,1343.25,103.61
2014-07-11,1967.57,550.29,1336.5,101.48
2014-07-14,1977.1,549.41,1321.25,101.73
2014-07-15,1973.28,549.41,1312.0,100.56
2014-07-16,1981.57,549.93,1297.5,101.88
2014-07-17,1958.12,552.47,1302.75,103.84
2014-07-18,1978.22,551.96,1310.25,103.83
2014-07-21,1973.63,552.51,1312.75,105.34
2014-07-22,1983.53,553.06,1307.0,104.59
2014-07-23,1987.01,553.06,1307.5,103.81
2014-07-24,1987.98,551.23,1300.0,102.76
2014-07-25,1978.34,553.32,1292.5,105.23
2014-07-28,1978.91,552.69,1305.0,105.68
2014-07-29,1969.95,554.06,1307.5,104.91
2014-07-30,1970.07,550.52,1297.5,104.29
2014-07-31,1930.67,550.67,1295.0,98.23
2014-08-01,1925.15,552.0,1284.5,97.86
2014-08-04,1938.99,552.34,1293.5,98.26
2014-08-05,1920.21,552.77,1292.75,97.34
2014-08-06,1920.24,552.95,1288.5,96.93
2014-08-07,1909.57,554.86,1302.0,97.34
2014-08-08,1931.59,555.05,1317.5,97.61
2014-08-11,1936.92,554.87,1308.25,98.09
2014-08-12,1933.75,553.73,1311.0,97.36
2014-08-13,1946.72,555.02,1309.25,97.57
2014-08-14,1955.18,556.68,1315.0,95.54
2014-08-15,1955.06,558.78,1313.6,97.3
2014-08-18,1971.74,556.77,1302.75,96.44
2014-08-19,1981.6,555.73,1300.25,94.35
2014-08-20,1986.51,555.22,1294.5,96.4
2014-08-21,1992.37,556.07,1280.5,93.97
2014-08-22,1988.4,556.77,1281.0,93.61
2014-08-26,2000.02,556.83,1286.5,95.78
2014-08-27,2000.12,558.49,1285.0,95.82
2014-08-28,1996.74,559.97,1288.0,96.44
2014-08-29,2003.37,559.54,1285.75,97.86
2014-09-02,2002.28,556.23,1277.75,92.92
2014-09-03,2000.72,556.65,1268.5,95.5
2014-09-04,1997.65,554.84,1271.0,94.51
2014-09-05,2007.71,554.05,1264.0,93.32
2014-09-08,2001.54,554.44,1267.25,92.64
2014-09-09,1988.44,553.59,1256.0,92.73
2014-09-10,1995.69,552.13,1254.25,91.71
2014-09-11,1997.45,552.55,1247.0,92.89
2014-09-12,1985.54,549.29,1237.25,92.18
2014-09-15,1984.13,549.9,1234.75,92.86
2014-09-16,1998.98,549.67,1238.75,94.91
2014-09-17,2001.57,549.03,1236.5,94.33
2014-09-18,2011.36,549.09,1223.0,93.07
2014-09-19,2010.4,551.08,1222.5,92.43
2014-09-22,1994.29,551.89,1214.0,91.46
2014-09-23,1982.77,553.52,1225.0,91.55
2014-09-24,1998.3,552.12,1224.0,93.6
2014-09-25,1965.99,554.49,1210.5,93.59
2014-09-26,1982.85,553.95,1222.25,95.55
2014-09-29,1977.8,555.46,1217.75,94.53
2014-09-30,1972.29,554.48,1210.0,91.17
2014-10-01,1946.16,558.68,1208.5,90.74
2014-10-02,1946.17,556.85,1214.5,91.02
2014-10-03,1967.9,557.08,1207.5,89.76
2014-10-06,1964.82,557.9,1193.25,90.33
2014-10-07,1935.1,560.98,1207.5,88.89
2014-10-08,1968.89,561.46,1220.0,87.29
2014-10-09,1928.21,561.48,1227.5,85.76
2014-10-10,1906.13,562.4,1222.25,85.87
2014-10-13,1874.74,562.56,1228.0,85.73
2014-10-14,1877.7,566.21,1233.0,81.72
2014-10-15,1862.49,569.01,1223.5,81.82
2014-10-16,1862.76,566.23,1241.0,82.33
2014-10-17,1886.76,564.46,1238.0,82.8
2014-10-20,1904.01,565.57,1241.0,82.76
2014-10-21,1941.28,564.38,1251.75,83.25
2014-10-22,1927.11,563.49,1246.75,80.52
2014-10-23,1950.82,561.72,1240.5,82.81
2014-10-24,1964.58,561.5,1231.75,81.27
2014-10-27,1961.63,562.35,1230.5,81.26
2014-10-28,1985.05,561.36,1228.25,81.36
2014-10-29,1982.3,561.51,1228.0,82.25
2014-10-30,1994.65,561.89,1205.75,81.06
2014-10-31,2018.05,560.86,1173.25,80.53
2014-11-03,2017.81,560.5,1170.75,78.77
2014-11-04,2012.1,561.05,1169.25,77.15
2014-11-05,2023.57,560.77,1145.25,78.71
2014-11-06,2031.21,559.7,1144.5,77.87
2014-11-07,2031.92,561.95,1145.0,78.71
2014-11-10,2038.26,560.14,1172.0,77.43
2014-11-11,2039.68,560.2,1151.25,77.85
2014-11-12,2038.25,559.97,1163.25,77.16
2014-11-13,2039.33,560.44,1161.0,74.13
2014-11-14,2039.82,561.31,1154.0,75.91
2014-11-17,2041.32,560.53,1187.0,75.64
2014-11-18,2051.8,561.04,1202.0,74.55
2014-11-19,2048.72,559.52,1200.75,74.55
2014-11-20,2052.75,560.18,1194.0,75.63
2014-11-21,2063.5,561.45,1193.25,76.52
2014-11-24,2069.41,561.67,1196.0,75.74
2014-11-25,2067.03,564.63,1202.25,74.04
2014-11-26,2072.83,565.99,1195.75,73.7
2014-11-28,2067.56,567.46,1184.5,65.94
2014-12-01,2053.44,566.09,1178.75,68.98
2014-12-02,2066.55,563.34,1197.0,66.99
2014-12-03,2074.33,563.41,1203.25,67.3
2014-12-04,2071.92,564.3,1204.0,66.73
2014-12-05,2075.37,562.76,1204.5,65.89
2014-12-08,2060.31,565.48,1195.25,63.13
2014-12-09,2059.82,566.73,1206.5,63.74
2014-12-10,2026.14,568.52,1228.25,60.99
2014-12-11,2035.33,568.52,1219.5,60.01
2014-12-12,2002.33,571.38,1223.5,57.81
2014-12-15,1989.63,571.11,1210.75,55.96
2014-12-16,1972.74,572.47,1199.25,55.97
2014-12-17,2012.89,569.28,1199.0,56.43
2014-12-18,2061.23,567.37,1210.75,54.18
2014-12-19,2070.65,568.6,1197.5,56.91
2014-12-22,2078.54,569.66,1195.25,55.25
2014-12-23,2082.17,565.61,1179.5,56.78
2014-12-24,2081.88,566.16,1177.0,55.7
2014-12-29,2090.57,568.98,1194.0,53.46
2014-12-30,2080.35,569.93,1186.5,54.14
2014-12-31,2058.9,570.67,1199.25,53.45
2015-01-02,2058.2,573.03,1184.25,52.72
2015-01-05,2020.58,576.54,1192.0,50.05
2015-01-06,2002.61,580.14,1211.0,47.98
2015-01-07,2025.9,580.31,1213.75,48.69
2015-01-08,2062.14,577.41,1206.5,48.8
2015-01-09,2044.81,579.3,1211.25,48.35
2015-01-12,2028.26,581.81,1222.0,46.06
2015-01-13,2023.03,582.32,1239.0,45.92
2015-01-14,2011.27,584.06,1228.75,48.49
2015-01-15,1992.67,585.81,1235.25,46.37
2015-01-20,2022.55,585.18,1292.25,46.79
2015-01-21,2032.12,583.48,1298.0,47.85
2015-01-22,2063.15,582.08,1287.0,45.93
2015-01-23,2051.82,585.96,1293.5,45.26
2015-01-26,2057.09,585.56,1282.75,44.8
2015-01-27,2029.55,585.61,1279.0,45.84
2015-01-28,2002.16,590.04,1287.0,44.08
2015-01-29,2021.25,589.1,1275.5,44.12
2015-01-30,1994.99,592.72,1263.5,47.79
2015-02-02,2020.85,592.88,1274.25,49.25
2015-02-03,2050.03,587.42,1281.0,53.04
2015-02-04,2041.51,586.89,1269.25,48.45
2015-02-05,2062.52,585.89,1263.75,50.48
2015-02-06,2055.47,581.08,1264.0,51.66
2015-02-09,2046.74,580.95,1242.25,52.99
2015-02-10,2068.59,578.0,1237.5,50.06
2015-02-11,2068.53,578.39,1235.5,48.8
2015-02-12,2088.48,578.67,1225.25,51.17
2015-02-13,2096.99,576.48,1225.75,52.66
2015-02-17,2100.34,571.73,1221.75,53.56
2015-02-18,2099.68,574.96,1206.5,52.13
2015-02-19,2097.45,573.02,1217.75,51.12
2015-02-20,2110.3,572.41,1203.5,49.95
2015-02-23,2109.66,576.24,1193.5,49.56
2015-02-24,2115.48,579.34,1195.5,48.48
2015-02-25,2113.86,580.4,1206.5,50.25
2015-02-26,2110.74,578.53,1220.0,47.65
2015-02-27,2104.5,578.94,1205.0,49.84
2015-03-02,2117.39,575.21,1216.75,49.59
2015-03-03,2107.78,573.76,1207.75,50.43
2015-03-04,2098.53,573.82,1204.25,51.53
2015-03-05,2101.04,574.78,1199.75,50.76
2015-03-06,2071.26,569.26,1196.5,49.61
2015-03-09,2079.43,571.45,1173.75,49.95
2015-03-10,2044.16,574.56,1161.0,48.42
2015-03-11,2040.24,575.67,1158.75,48.06
2015-03-12,2065.95,575.62,1161.25,47.12
2015-03-13,2053.4,574.45,1156.5,44.88
2015-03-16,2081.19,575.6,1157.0,43.93
2015-03-17,2074.28,576.94,1154.75,43.39
2015-03-18,2099.5,581.7,1149.0,44.63
2015-03-19,2089.27,581.47,1164.0,44.02
2015-03-20,2108.1,583.44,1171.75,46.0
2015-03-23,2104.42,583.8,1181.4,47.4
2015-03-24,2091.5,585.76,1193.25,47.03
2015-03-25,2061.05,583.9,1192.55,48.75
2015-03-26,2056.15,579.13,1209.4,51.41
2015-03-27,2061.02,582.95,1198.0,48.83
2015-03-30,2086.24,581.9,1187.4,48.66
2015-03-31,2067.89,582.61,1179.25,47.72
2015-04-01,2059.69,585.96,1181.25,50.12
2015-04-02,2066.96,584.21,1201.5,49.13
2015-04-07,2076.33,584.88,1208.5,53.95
2015-04-08,2081.9,585.45,1211.1,50.44
2015-04-09,2091.18,581.75,1196.0,50.79
2015-04-10,2102.06,582.1,1201.9,51.63
2015-04-13,2092.43,582.99,1197.85,51.95
2015-04-14,2095.84,584.44,1191.45,53.3
2015-04-15,2106.63,584.45,1189.85,56.25
2015-04-16,2104.99,585.05,1204.6,56.69
2015-04-17,2081.18,586.93,1204.55,55.71
2015-04-20,2100.4,584.03,1203.25,56.37
2015-04-21,2097.29,583.44,1197.7,55.58
2015-04-22,2107.96,580.87,1202.4,56.17
2015-04-23,2112.93,581.99,1187.75,56.59
2015-04-24,2117.69,582.69,1192.15,55.98
2015-04-27,2108.92,582.92,1182.75,55.56
2015-04-28,2114.76,579.78,1201.4,57.05
2015-04-29,2106.85,575.52,1204.8,58.55
2015-04-30,2085.51,574.68,1204.3,59.62
2015-05-01,2108.29,571.23,1179.0,59.1
2015-05-05,2089.46,568.47,1187.4,60.38
2015-05-06,2080.15,564.83,1191.25,60.93
2015-05-07,2088.0,567.11,1183.0,58.99
2015-05-08,2116.1,568.86,1185.25,59.41
2015-05-11,2105.33,563.5,1184.75,59.23
2015-05-12,2099.12,563.96,1184.45,60.72
2015-05-13,2098.48,562.65,1193.0,60.5
2015-05-14,2121.1,563.81,1214.75,59.89
2015-05-15,2122.73,568.7,1216.3,59.73
2015-05-18,2129.2,564.56,1228.15,59.44
2015-05-19,2127.83,562.77,1219.65,57.3
2015-05-20,2125.85,562.85,1206.75,58.96
2015-05-21,2130.82,565.46,1209.6,60.18
2015-05-22,2126.06,564.21,1211.0,58.88
2015-05-26,2104.2,568.31,1194.0,57.29
2015-05-27,2123.48,569.02,1187.85,57.51
2015-05-28,2120.79,568.57,1189.45,57.69
2015-05-29,2107.39,569.92,1190.4,60.25
2015-06-01,2111.73,565.2,1187.3,60.24
2015-06-02,2109.6,562.23,1188.75,61.3
2015-06-03,2114.07,558.47,1186.6,59.67
2015-06-04,2095.84,562.02,1182.45,58.0
2015-06-05,2092.83,558.22,1175.9,59.11
2015-06-08,2079.28,559.11,1173.4,58.15
2015-06-09,2080.15,557.28,1181.0,60.15
2015-06-10,2105.2,554.98,1186.0,61.36
2015-06-11,2108.86,559.25,1180.5,60.74
2015-06-12,2094.11,559.37,1179.25,59.96
2015-06-15,2084.43,559.95,1178.25,59.53
2015-06-16,2096.29,561.31,1182.1,60.01
2015-06-17,2100.44,561.52,1178.5,59.89
2015-06-18,2121.24,559.04,1198.0,60.41
2015-06-19,2109.99,562.75,1198.15,59.62
2015-06-22,2122.85,558.88,1193.7,60.01
2015-06-23,2124.2,557.1,1183.35,61.05
2015-06-24,2108.58,559.21,1175.75,60.01
2015-06-25,2102.31,558.41,1174.6,59.59
2015-06-26,2101.49,554.69,1174.4,59.41
2015-06-29,2057.64,560.66,1176.5,58.34
2015-06-30,2063.11,560.58,1175.0,59.48
2015-07-01,2077.42,557.11,1171.7,56.94
2015-07-02,2076.78,558.12,1164.3,56.93
2015-07-06,2068.76,563.39,1164.25,52.48
2015-07-07,2081.34,565.08,1166.25,52.33
2015-07-08,2046.68,566.25,1154.25,51.61
2015-07-09,2051.31,561.87,1162.1,52.76
2015-07-10,2076.62,556.84,1162.4,52.74
2015-07-13,2099.6,557.03,1154.95,52.19
2015-07-14,2108.95,557.8,1153.2,53.05
2015-07-15,2107.4,560.03,1154.75,51.4
2015-07-16,2124.29,560.18,1145.1,50.9
2015-07-17,2126.64,561.08,1143.0,50.88
2015-07-20,2128.28,559.89,1115.0,50.11
2015-07-21,2119.21,560.88,1108.0,50.59
2015-07-22,2114.15,562.13,1096.8,49.27
2015-07-23,2102.15,564.49,1101.65,48.11
2015-07-24,2079.65,564.34,1083.75,47.98
2015-07-27,2067.64,566.05,1098.6,47.17
2015-07-28,2093.25,565.03,1095.6,47.97
2015-07-29,2108.57,563.88,1096.75,48.77
2015-07-30,2108.63,565.0,1085.65,48.53
2015-07-31,2103.84,566.83,1080.05,47.11
2015-08-03,2098.04,569.6,1093.0,45.25
2015-08-04,2093.32,567.38,1092.6,45.75
2015-08-05,2099.84,564.72,1086.5,45.13
2015-08-06,2083.56,566.05,1085.0,44.69
2015-08-07,2077.57,569.4,1091.35,43.87
2015-08-10,2104.18,565.85,1094.8,44.94
2015-08-11,2084.07,570.2,1113.25,43.11
2015-08-12,2086.05,569.3,1116.8,43.22
2015-08-13,2083.39,566.78,1117.35,42.27
2015-08-14,2091.54,567.3,1116.75,42.45
2015-08-17,2102.44,569.49,1117.3,41.93
2015-08-18,2096.92,567.39,1119.15,42.58
2015-08-19,2079.61,569.46,1123.2,40.75
2015-08-20,2035.73,571.68,1137.95,41.0
2015-08-21,1970.89,572.28,1149.35,40.45
2015-08-24,1893.21,573.85,1153.5,38.22
2015-08-25,1867.61,567.23,1154.25,39.15
2015-08-26,1940.51,564.48,1134.4,38.5
2015-08-27,1987.66,566.37,1128.5,42.47
2015-08-28,1988.87,566.52,1125.5,45.29
2015-09-01,1913.85,566.14,1141.9,45.38
2015-09-02,1948.86,565.21,1140.0,46.3
2015-09-03,1951.13,566.53,1130.05,46.75
2015-09-04,1921.22,569.47,1125.0,46.02
2015-09-08,1969.41,567.02,1120.85,45.92
2015-09-09,1942.04,568.21,1122.3,44.13
2015-09-10,1952.29,566.38,1107.75,45.85
2015-09-11,1961.05,568.2,1106.35,44.75
2015-09-14,1953.03,568.27,1108.0,44.07
2015-09-15,1978.09,563.2,1105.5,44.58
2015-09-16,1995.31,562.74,1109.75,47.12
2015-09-17,1990.2,566.83,1118.15,46.93
2015-09-18,1958.03,571.23,1136.0,44.71
2015-09-21,1966.97,566.88,1136.85,46.67
2015-09-22,1942.74,571.29,1129.3,46.17
2015-09-23,1938.76,570.85,1124.6,44.53
2015-09-24,1932.24,571.67,1134.45,44.94
2015-09-25,1931.34,569.14,1145.5,45.55
2015-09-28,1881.77,572.46,1137.5,44.4
2015-09-29,1884.09,573.48,1124.6,45.24
2015-09-30,1920.03,572.71,1122.5,45.06
2015-10-01,1923.82,573.35,1114.2,44.75
2015-10-02,1951.36,575.42,1106.3,45.54
2015-10-05,1987.05,572.62,1134.35,46.28
2015-10-06,1979.92,573.8,1136.9,48.53
2015-10-07,1995.83,574.03,1147.9,47.86
2015-10-08,2013.43,571.86,1143.3,49.46
2015-10-09,2014.89,572.84,1151.5,49.67
2015-10-12,2017.46,572.99,1164.2,47.09
2015-10-13,2003.69,575.5,1154.4,46.7
2015-10-14,1994.24,578.21,1173.7,46.63
2015-10-15,2023.86,576.38,1183.35,46.38
2015-10-16,2033.11,576.84,1176.35,47.3
2015-10-19,2033.66,576.7,1171.65,45.91
2015-10-20,2030.77,575.23,1173.7,45.84
2015-10-21,2018.94,577.5,1174.4,45.22
2015-10-22,2052.51,578.26,1166.45,44.9
2015-10-23,2075.15,576.25,1171.55,43.91
2015-10-26,2071.18,578.11,1168.5,43.19
2015-10-27,2065.89,579.27,1165.75,43.21
2015-10-28,2090.35,577.12,1171.5,45.93
2015-10-29,2089.41,571.6,1159.0,46.02
2015-10-30,2079.36,572.28,1147.75,46.6
2015-11-02,2104.05,571.73,1135.8,46.12
2015-11-03,2109.79,569.87,1130.9,47.88
2015-11-04,2102.31,569.95,1118.0,46.32
2015-11-05,2099.93,569.32,1107.3,45.27
2015-11-06,2099.2,565.81,1107.7,44.32
2015-11-09,2078.58,565.57,1095.6,43.87
2015-11-10,2081.72,566.67,1092.5,44.23
2015-11-11,2075.0,566.72,1088.6,42.95
2015-11-12,2045.97,566.49,1087.6,41.74
2015-11-13,2023.04,567.7,1083.75,40.69
2015-11-16,2053.19,567.67,1094.5,41.68
2015-11-17,2050.44,569.14,1080.8,40.73
2015-11-18,2083.58,569.25,1070.5,40.75
2015-11-19,2081.24,570.55,1073.1,40.55
2015-11-20,2089.17,570.29,1085.15,39.39
2015-11-23,2086.59,571.16,1068.35,39.27
2015-11-24,2089.14,571.46,1073.0,40.89
2015-11-25,2088.87,572.19,1072.2,41.22
2015-11-27,2090.11,572.26,1064.65,40.57
2015-11-30,2080.41,572.98,1055.65,40.43
2015-12-01,2102.63,577.06,1069.25,40.58
2015-12-02,2079.51,577.37,1066.9,39.93
2015-12-03,2049.62,570.43,1050.6,41.08
2015-12-04,2091.69,573.11,1063.0,40.0
2015-12-07,2077.07,576.0,1082.7,37.64
2015-12-08,2063.59,575.23,1071.75,37.46
2015-12-09,2047.62,575.86,1078.4,37.16
2015-12-10,2052.23,574.63,1072.0,36.76
2015-12-11,2012.37,578.97,1067.2,35.65
2015-12-14,2021.94,573.8,1068.0,36.31
2015-12-15,2043.41,572.76,1069.15,37.32
2015-12-16,2073.07,572.81,1065.75,35.55
2015-12-17,2041.89,575.74,1065.85,34.98
2015-12-18,2005.55,577.57,1055.25,34.72
2015-12-21,2021.15,577.09,1071.15,34.55
2015-12-22,2038.97,575.37,1077.0,36.12
2015-12-23,2064.29,574.09,1071.5,36.76
2015-12-24,2060.99,575.49,1071.9,37.62
2015-12-29,2078.36,572.5,1067.25,37.88
2015-12-30,2063.36,573.04,1067.8,36.59
2015-12-31,2043.94,573.93,1062.25,37.13
2016-01-04,2012.66,575.57,1072.7,36.81
2016-01-05,2016.71,575.09,1078.0,35.97
2016-01-06,1990.26,578.35,1083.85,33.97
2016-01-07,1943.09,578.95,1096.0,33.29
2016-01-08,1922.03,579.8,1097.45,33.2
2016-01-11,1923.67,578.18,1104.7,31.42
2016-01-12,1938.68,581.18,1094.85,30.42
2016-01-13,1890.28,583.17,1081.8,30.42
2016-01-14,1921.84,579.65,1090.75,31.22
2016-01-15,1880.33,580.67,1081.1,29.45
2016-01-19,1881.33,581.21,1087.0,28.47
2016-01-20,1859.33,580.52,1093.2,26.68
2016-01-21,1868.99,579.9,1096.8,29.55
2016-01-22,1906.9,578.89,1097.65,32.07
2016-01-25,1877.08,579.75,1103.7,30.31
2016-01-26,1903.63,580.54,1114.7,29.54
2016-01-27,1882.95,579.36,1116.5,32.32
2016-01-28,1893.36,578.96,1119.0,33.21
2016-01-29,1940.24,580.36,1112.9,33.66
2016-02-01,1939.38,578.39,1122.0,31.62
2016-02-02,1903.03,582.56,1123.6,29.9
2016-02-03,1912.53,581.41,1130.0,32.29
2016-02-04,1915.45,582.47,1146.25,31.63
2016-02-05,1880.05,583.62,1158.5,30.86
2016-02-08,1853.44,588.55,1173.4,29.71
2016-02-09,1852.21,588.39,1188.9,27.96
2016-02-10,1851.86,589.64,1183.4,27.54
2016-02-11,1829.08,590.96,1223.25,26.19
2016-02-12,1864.78,586.89,1239.5,29.32
2016-02-16,1895.58,585.3,1212.0,29.05
2016-02-17,1926.82,583.24,1202.4,30.68
2016-02-18,1917.83,585.84,1204.4,30.77
2016-02-19,1917.78,586.78,1221.5,29.59
2016-02-22,1945.5,586.83,1203.65,31.37
2016-02-23,1921.27,587.94,1218.75,31.84
2016-02-24,1929.8,588.91,1232.25,30.35
2016-02-25,1951.7,591.46,1235.4,31.4
2016-02-26,1948.05,588.85,1231.0,31.65
2016-02-29,1932.23,590.23,1234.15,32.74
2016-03-01,1978.35,586.41,1240.0,34.39
2016-03-02,1986.45,587.28,1229.35,34.57
2016-03-03,1993.4,588.69,1241.95,34.56
2016-03-04,1999.99,587.25,1271.5,35.91
2016-03-07,2001.76,588.2,1267.6,37.9
2016-03-08,1979.26,591.16,1274.1,36.67
2016-03-09,1989.26,589.3,1258.25,37.62
2016-03-10,1989.57,589.3,1247.25,37.77
2016-03-11,2022.19,588.86,1262.25,38.51
2016-03-14,2019.64,591.17,1256.55,37.2
2016-03-15,2015.93,592.01,1233.6,36.32
2016-03-16,2027.22,591.66,1233.1,38.43
2016-03-17,2040.59,592.88,1269.6,40.17
2016-03-18,2049.58,594.53,1254.5,39.47
2016-03-21,2051.6,592.31,1244.25,39.91
2016-03-22,2049.8,592.9,1251.8,41.45
2016-03-23,2036.71,595.99,1232.2,38.28
2016-03-24,2035.94,594.44,1216.45,38.14
2016-03-29,2055.01,598.34,1216.45,36.91
2016-03-30,2063.95,597.29,1238.2,36.91
2016-03-31,2059.74,599.32,1233.6,36.94
2016-04-01,2072.78,599.37,1232.1,35.36
2016-04-04,2066.13,600.44,1215.0,34.3
2016-04-05,2045.17,603.9,1231.5,34.52
2016-04-06,2066.66,602.91,1225.75,37.74
2016-04-07,2041.91,606.39,1237.5,37.3
2016-04-08,2047.6,604.47,1235.0,39.74
2016-04-11,2041.99,604.46,1247.25,40.46
2016-04-12,2061.72,602.37,1259.2,42.12
2016-04-13,2082.42,604.32,1245.75,41.7
2016-04-14,2082.78,603.72,1240.3,41.45
2016-04-15,2080.73,605.97,1229.75,40.4
2016-04-18,2094.34,605.05,1237.7,39.74
2016-04-19,2100.8,605.59,1241.7,40.88
2016-04-20,2102.4,603.02,1247.75,42.72
2016-04-21,2091.48,602.75,1257.65,43.18
2016-04-22,2091.58,601.95,1245.4,42.76
2016-04-25,2087.79,601.2,1230.85,41.67
2016-04-26,2091.7,600.27,1234.5,42.52
2016-04-27,2095.15,602.71,1244.75,45.29
2016-04-28,2075.81,603.12,1256.6,46.03
2016-04-29,2065.3,604.19,1274.5,45.98
2016-05-03,2063.37,604.83,1296.5,43.65
2016-05-04,2051.12,604.95,1280.3,43.77
2016-05-05,2050.63,606.79,1275.75,44.33
2016-05-06,2057.14,604.69,1280.25,44.58
2016-05-09,2058.69,605.73,1277.75,43.45
2016-05-10,2084.39,606.17,1264.85,44.68
2016-05-11,2064.46,608.21,1271.8,46.21
2016-05-12,2064.11,606.29,1268.3,46.64
2016-05-13,2046.61,609.26,1275.15,46.22
2016-05-16,2066.66,606.52,1281.0,47.72
2016-05-17,2047.21,606.64,1270.1,48.29
2016-05-18,2047.63,600.42,1270.9,48.12
2016-05-19,2040.04,602.59,1253.75,48.16
2016-05-20,2052.32,601.86,1256.5,47.67
2016-05-23,2048.04,602.31,1250.4,48.12
2016-05-24,2076.06,601.71,1242.65,48.04
2016-05-25,2090.54,601.0,1220.75,49.1
2016-05-26,2090.1,603.93,1226.65,49.0
2016-05-27,2099.06,603.78,1221.25,49.36
2016-05-31,2096.96,604.53,1210.5,49.1
2016-06-01,2099.33,604.24,1216.25,49.07
2016-06-02,2105.26,606.0,1215.5,49.14
2016-06-03,2099.13,610.57,1211.0,48.69
2016-06-06,2109.41,609.42,1240.55,49.71
2016-06-07,2112.13,610.41,1241.1,50.37
2016-06-08,2119.12,611.52,1252.4,51.23
2016-06-09,2115.48,613.16,1258.35,50.52
2016-06-10,2096.07,614.51,1266.6,49.09
2016-06-13,2079.06,614.01,1284.1,48.89
2016-06-14,2075.32,613.34,1279.4,48.49
2016-06-15,2071.5,613.77,1282.0,47.92
2016-06-16,2077.99,614.88,1307.0,46.14
2016-06-17,2071.22,612.21,1284.5,48.0
2016-06-20,2083.25,610.99,1283.25,49.4
2016-06-21,2088.9,609.49,1280.8,48.95
2016-06-22,2085.45,610.16,1265.0,49.16
2016-06-23,2113.32,607.38,1265.75,49.34
2016-06-24,2037.41,613.64,1313.85,46.7
2016-06-27,2000.54,620.69,1324.6,45.8
2016-06-28,2036.09,620.42,1312.0,47.93
2016-06-29,2070.77,619.77,1317.75,49.85
2016-06-30,2098.86,619.12,1317.0,48.27
2016-07-01,2102.95,621.56,1331.75,49.02
2016-07-05,2088.55,628.06,1344.75,46.73
2016-07-06,2099.73,627.73,1370.0,47.37
2016-07-07,2097.9,628.68,1367.1,45.22
2016-07-08,2129.9,631.01,1356.1,45.37
2016-07-11,2137.16,628.82,1358.25,44.73
2016-07-12,2152.14,624.58,1352.85,46.82
2016-07-13,2152.43,627.82,1340.25,44.87
2016-07-14,2163.75,624.18,1325.7,45.64
2016-07-15,2161.74,621.23,1330.5,45.93
2016-07-18,2166.89,621.35,1326.15,45.23
2016-07-19,2163.78,622.32,1332.2,44.64
2016-07-20,2173.02,621.08,1325.6,44.96
2016-07-21,2165.17,621.22,1322.0,43.96
2016-07-22,2175.03,621.46,1323.2,43.41
2016-07-25,2168.48,622.09,1315.0,42.4
2016-07-26,2169.18,622.12,1321.25,42.16
2016-07-27,2166.58,624.37,1320.8,41.9
2016-07-28,2170.06,624.21,1341.3,41.13
2016-07-29,2173.6,627.12,1332.5,41.54
2016-08-01,2170.84,623.19,1348.85,40.05
2016-08-02,2157.03,619.67,1358.15,39.5
2016-08-03,2163.79,619.1,1364.4,40.8
2016-08-04,2164.25,622.23,1351.15,41.92
2016-08-05,2182.87,619.55,1362.6,41.83
2016-08-08,2180.89,620.79,1330.0,43.06
2016-08-09,2181.74,623.88,1332.9,42.78
2016-08-10,2175.49,626.05,1351.85,41.75
2016-08-11,2185.79,622.29,1344.55,43.51
2016-08-12,2184.05,625.54,1336.7,44.47
2016-08-15,2190.15,623.47,1339.2,45.72
2016-08-16,2178.15,622.53,1349.1,46.57
2016-08-17,2182.22,623.74,1342.75,46.81
2016-08-18,2187.02,625.28,1347.1,48.2
2016-08-19,2183.87,623.65,1346.85,48.48
2016-08-22,2182.64,626.35,1334.3,46.8
2016-08-23,2186.9,626.55,1338.5,47.54
2016-08-24,2175.44,626.44,1337.3,46.29
2016-08-25,2172.47,625.08,1324.5,46.97
2016-08-26,2169.04,622.53,1324.9,47.64
2016-08-30,2176.12,626.77,1318.85,46.32
2016-08-31,2170.95,626.88,1314.45,44.68
2016-09-01,2170.86,627.18,1305.7,43.17
2016-09-02,2179.98,625.13,1311.5,44.39
2016-09-06,2186.48,627.42,1330.05,44.85
2016-09-07,2186.16,626.95,1348.75,45.47
2016-09-08,2181.3,621.73,1348.0,47.63
2016-09-09,2127.81,617.55,1335.65,45.88
2016-09-12,2159.04,617.13,1327.5,46.28
2016-09-13,2127.02,612.64,1328.5,44.91
2016-09-14,2125.77,614.6,1323.2,43.62
2016-09-15,2147.26,613.49,1320.1,43.85
2016-09-16,2139.16,614.47,1314.25,43.04
2016-09-19,2139.12,615.57,1315.05,43.34
2016-09-20,2139.76,616.4,1315.4,43.85
2016-09-21,2163.12,617.71,1319.6,45.33
2016-09-22,2177.18,620.76,1332.45,46.1
2016-09-23,2164.69,622.07,1335.9,44.36
2016-09-26,2146.1,622.82,1336.3,45.6
2016-09-27,2159.93,624.83,1335.85,44.65
2016-09-28,2171.37,624.06,1324.8,47.07
2016-09-29,2151.13,624.81,1320.85,47.72
2016-09-30,2168.27,621.57,1327.9,47.72
2016-10-03,2161.2,621.89,1318.65,48.8
2016-10-04,2150.49,618.8,1309.15,48.67
2016-10-05,2159.73,617.69,1274.0,49.75
2016-10-06,2160.77,616.69,1265.5,50.44
2016-10-07,2153.74,616.9,1255.0,49.76
2016-10-10,2163.66,617.05,1262.1,49.76
2016-10-11,2136.73,615.92,1256.4,50.72
2016-10-12,2139.18,615.15,1255.7,50.14
2016-10-13,2132.55,617.34,1258.0,50.47
2016-10-14,2132.98,613.75,1256.15,50.35
2016-10-17,2126.5,616.25,1252.7,49.97
2016-10-18,2139.6,618.35,1261.65,50.3
2016-10-19,2144.29,618.48,1269.75,51.59
2016-10-20,2141.34,619.0,1269.2,50.31
2016-10-21,2141.16,618.54,1263.95,50.61
2016-10-24,2151.33,616.81,1267.0,50.18
2016-10-25,2143.16,617.04,1269.3,49.45
2016-10-26,2139.43,614.45,1273.9,48.75
2016-10-27,2133.04,611.05,1269.3,49.71
2016-10-28,2126.41,610.13,1265.9,48.72
2016-10-31,2126.15,610.72,1274.2,46.83
2016-11-01,2111.72,611.42,1284.4,46.66
2016-11-02,2097.94,611.44,1295.85,45.32
2016-11-03,2088.66,609.71,1293.0,44.66
2016-11-04,2085.18,611.61,1301.7,44.07
2016-11-07,2131.52,610.37,1286.8,44.88
2016-11-08,2139.56,609.42,1284.0,44.96
2016-11-09,2163.26,597.09,1304.55,45.2
2016-11-10,2167.48,597.54,1280.9,44.62
2016-11-11,2164.45,597.59,1255.65,43.39
2016-11-14,2164.2,592.7,1222.6,43.29
2016-11-15,2180.39,592.46,1228.9,45.86
2016-11-16,2176.94,594.53,1225.7,45.56
2016-11-17,2187.12,591.13,1232.0,45.37
2016-11-18,2181.9,588.86,1206.1,45.69
2016-11-21,2198.18,588.25,1214.95,47.48
2016-11-22,2202.94,589.06,1217.55,48.07
2016-11-23,2204.72,588.67,1213.25,46.72
2016-11-25,2213.35,588.67,1187.5,46.72
2016-11-28,2201.72,591.26,1189.1,45.66
2016-11-29,2204.66,592.7,1187.3,45.29
2016-11-30,2198.81,589.76,1187.4,49.41
2016-12-01,2191.08,585.86,1168.75,51.08
2016-12-02,2191.95,588.45,1171.65,51.7
2016-12-05,2204.71,588.79,1164.9,51.72
2016-12-06,2212.23,587.82,1171.15,50.95
2016-12-07,2241.35,590.32,1171.25,49.85
2016-12-08,2246.19,587.63,1174.75,50.84
2016-12-09,2259.53,584.01,1168.9,51.51
2016-12-12,2256.96,584.2,1154.4,52.74
2016-12-13,2271.72,585.12,1157.35,52.99
2016-12-14,2253.28,584.33,1160.95,51.01
2016-12-15,2262.03,583.44,1132.45,50.9
2016-12-16,2258.07,581.95,1134.85,51.93
2016-12-19,2262.53,585.42,1137.6,52.13
2016-12-20,2270.76,584.09,1132.75,52.22
2016-12-21,2265.18,585.71,1134.4,51.44
2016-12-22,2260.96,585.69,1130.55,51.98
2016-12-23,2263.79,586.76,1131.0,52.01
2016-12-28,2249.92,589.15,1139.75,54.01
2016-12-29,2249.26,590.2,1146.8,53.8
2016-12-30,2238.83,592.17,1159.1,53.75
2017-01-03,2257.83,592.62,1148.65,52.36
2017-01-04,2270.75,593.31,1165.9,53.26
2017-01-05,2269.0,597.9,1173.05,53.77
2017-01-06,2276.98,594.71,1178.0,53.98
2017-01-09,2268.9,596.82,1176.1,51.95
2017-01-10,2268.9,596.45,1183.2,50.82
2017-01-11,2275.32,597.19,1187.55,52.19
2017-01-12,2270.44,597.16,1206.65,53.01
2017-01-13,2274.64,596.03,1196.35,52.36
2017-01-17,2267.89,599.06,1217.5,52.45
2017-01-18,2271.89,595.48,1212.5,51.12
2017-01-19,2263.69,592.9,1203.35,51.39
2017-01-20,2271.31,592.41,1199.1,52.33
2017-01-23,2265.2,595.61,1213.75,52.77
2017-01-24,2280.07,591.66,1213.3,52.38
2017-01-25,2298.37,589.11,1203.5,52.14
2017-01-26,2296.68,590.28,1191.55,53.24
2017-01-27,2294.69,592.24,1184.2,53.18
2017-01-30,2280.9,589.78,1189.85,52.63
2017-01-31,2278.87,589.48,1198.8,52.75
2017-02-01,2279.55,588.65,1210.0,53.9
2017-02-02,2280.85,589.73,1224.05,53.55
2017-02-03,2297.42,588.8,1213.05,53.81
2017-02-06,2292.56,592.74,1221.85,53.01
2017-02-07,2293.08,593.69,1231.0,52.19
2017-02-08,2294.67,596.2,1235.6,52.37
2017-02-09,2307.87,593.52,1241.75,52.99
2017-02-10,2316.1,593.36,1225.75,53.84
2017-02-13,2328.25,592.32,1229.4,52.96
2017-02-14,2337.58,590.95,1229.65,53.21
2017-02-15,2349.25,589.78,1225.15,53.11
2017-02-16,2347.22,592.46,1236.75,53.41
2017-02-17,2351.16,593.53,1241.4,53.41
2017-02-21,2365.38,593.63,1228.7,54.02
2017-02-22,2362.82,593.91,1237.5,53.61
2017-02-23,2363.81,595.17,1237.35,54.48
2017-02-24,2367.34,599.04,1255.35,53.99
2017-02-27,2369.75,596.95,1256.25,54.04
2017-02-28,2363.64,598.67,1251.9,54.0
2017-03-01,2395.96,593.22,1246.05,53.82
2017-03-02,2381.92,592.87,1243.3,52.63
2017-03-03,2383.12,593.1,1228.75,53.33
2017-03-06,2375.31,592.38,1231.15,53.19
2017-03-07,2368.39,590.92,1223.7,52.68
2017-03-08,2362.98,588.29,1213.3,49.83
2017-03-09,2364.87,585.71,1204.6,48.75
2017-03-10,2372.6,586.93,1196.55,48.05
2017-03-13,2373.47,585.16,1207.8,47.95
2017-03-14,2365.45,585.66,1203.55,47.24
2017-03-15,2385.26,590.04,1202.25,48.34
2017-03-16,2381.38,589.0,1225.6,48.3
2017-03-17,2378.25,590.41,1228.75,48.34
2017-03-20,2373.47,592.09,1233.0,47.79
2017-03-21,2344.02,593.91,1232.05,47.02
2017-03-22,2348.45,596.21,1246.1,47.29
2017-03-23,2345.96,595.72,1247.9,47.0
2017-03-24,2343.98,597.47,1244.0,47.3
2017-03-27,2341.59,598.45,1256.9,47.02
2017-03-28,2358.57,597.0,1253.65,48.36
2017-03-29,2361.13,598.52,1252.9,49.47
2017-03-30,2368.06,597.04,1250.9,50.3
2017-03-31,2362.72,597.52,1241.7,50.54
2017-04-03,2358.84,599.76,1246.25,50.25
2017-04-04,2360.16,599.3,1258.65,50.99
2017-04-05,2352.95,599.11,1252.5,51.14
2017-04-06,2357.49,600.11,1253.75,51.69
2017-04-07,2355.54,599.07,1264.3,52.25
2017-04-10,2357.16,600.16,1253.6,53.06
2017-04-11,2353.78,603.7,1255.7,53.38
2017-04-12,2344.93,603.82,1272.3,53.12
2017-04-13,2328.95,606.6,1286.1,53.19
2017-04-18,2342.19,609.38,1285.0,52.46
2017-04-19,2338.17,608.22,1282.05,50.49
2017-04-20,2355.84,606.65,1279.9,50.26
2017-04-21,2348.69,606.7,1281.5,49.64
2017-04-24,2374.15,605.13,1271.8,48.9
2017-04-25,2388.61,602.18,1270.5,49.22
2017-04-26,2387.45,603.12,1264.95,49.22
2017-04-27,2388.77,603.7,1264.3,48.96
2017-04-28,2384.2,604.37,1265.55,49.31
2017-05-02,2391.17,603.99,1255.8,47.65
2017-05-03,2388.13,604.75,1253.95,47.79
2017-05-04,2389.52,602.39,1235.85,45.55
2017-05-05,2399.29,602.77,1239.4,46.23
2017-05-08,2399.38,601.69,1229.7,46.46
2017-05-09,2396.92,600.59,1225.15,45.84
2017-05-10,2399.63,600.82,1222.95,47.28
2017-05-11,2394.44,601.75,1221.0,47.81
2017-05-12,2390.9,605.16,1227.9,47.83
2017-05-15,2402.32,604.93,1231.5,48.86
2017-05-16,2400.67,606.11,1234.05,48.64
2017-05-17,2357.03,611.35,1244.6,49.04
2017-05-18,2365.72,610.37,1261.35,49.36
2017-05-19,2381.73,610.29,1251.85,50.32
2017-05-22,2394.02,610.16,1255.25,50.81
2017-05-23,2398.42,608.12,1259.9,51.12
2017-05-24,2404.39,608.94,1251.35,50.99
2017-05-25,2415.07,609.8,1257.1,48.57
2017-05-26,2415.82,610.54,1265.0,49.58
2017-05-30,2412.91,612.39,1262.8,49.63
2017-05-31,2411.8,613.98,1263.8,48.29
2017-06-01,2430.06,613.18,1266.15,48.32
2017-06-02,2439.07,616.76,1260.95,47.68
2017-06-05,2436.1,615.49,1280.7,47.4
2017-06-06,2429.33,617.28,1287.85,48.13
2017-06-07,2433.14,615.82,1292.7,45.8
2017-06-08,2433.79,614.92,1284.8,45.68
2017-06-09,2431.77,614.7,1274.25,45.82
2017-06-12,2429.39,614.13,1269.25,46.1
2017-06-13,2440.35,614.8,1261.3,46.41
2017-06-14,2437.92,620.08,1268.25,44.79
2017-06-15,2432.46,619.15,1260.25,44.47
2017-06-16,2433.15,619.4,1256.6,44.73
2017-06-19,2453.46,619.12,1251.1,44.24
2017-06-20,2437.03,621.84,1246.5,43.34
2017-06-21,2435.61,622.94,1247.05,42.48
2017-06-22,2434.5,622.93,1251.4,42.53
2017-06-23,2438.3,623.57,1256.3,42.86
2017-06-26,2439.07,625.0,1240.85,43.24