date,AAPL,MSFT
2007-01-03,11.97,29.86
2007-01-04,12.24,29.81
2007-01-05,12.15,29.64
2007-01-08,12.21,29.93
2007-01-09,13.22,29.96
2007-01-10,13.86,29.66
2007-01-11,13.69,30.7
2007-01-12,13.52,31.21
2007-01-16,13.87,31.16
2007-01-17,13.56,31.1
2007-01-18,12.72,31.0
2007-01-19,12.64,31.11
2007-01-22,12.4,30.72
2007-01-23,12.24,30.74
2007-01-24,12.39,31.09
2007-01-25,12.32,30.45
2007-01-26,12.2,30.6
2007-01-29,12.28,30.53
2007-01-30,12.22,30.48
2007-01-31,12.25,30.86
2007-02-01,12.11,30.56
2007-02-02,12.11,30.19
2007-02-05,11.99,29.61
2007-02-06,12.02,29.51
2007-02-07,12.31,29.37
2007-02-08,12.31,29.26
2007-02-09,11.9,28.98
2007-02-12,12.13,28.94
2007-02-13,12.09,29.03
2007-02-14,12.19,29.4
2007-02-15,12.17,29.46
2007-02-16,12.12,28.74
2007-02-20,12.27,28.83
2007-02-21,12.74,29.35
2007-02-22,12.79,29.39
2007-02-23,12.72,28.9
2007-02-26,12.66,29.07
2007-02-27,11.99,27.87
2007-02-28,12.09,28.17
2007-03-01,12.44,28.09
2007-03-02,12.2,27.76
2007-03-05,12.33,27.55
2007-03-06,12.6,27.83
2007-03-07,12.53,27.61
2007-03-08,12.57,27.32
2007-03-09,12.57,27.29
2007-03-12,12.84,27.44
2007-03-13,12.63,26.72
2007-03-14,12.86,27.4
2007-03-15,12.8,27.28
2007-03-16,12.8,27.33
2007-03-19,13.02,27.83
2007-03-20,13.07,27.84
2007-03-21,13.41,28.52
2007-03-22,13.42,28.27
2007-03-23,13.36,28.02
2007-03-26,13.69,28.22
2007-03-27,13.64,27.72
2007-03-28,13.32,27.64
2007-03-29,13.39,27.75
2007-03-30,13.27,27.87
2007-04-02,13.38,27.74
2007-04-03,13.5,27.87
2007-04-04,13.47,28.5
2007-04-05,13.53,28.55
2007-04-09,13.38,28.57
2007-04-10,13.46,28.4
2007-04-11,13.23,28.11
2007-04-12,13.17,28.54
2007-04-13,12.89,28.61
2007-04-16,13.06,28.73
2007-04-17,12.91,28.85
2007-04-18,12.91,28.6
2007-04-19,12.9,28.69
2007-04-20,13.0,29.02
2007-04-23,13.36,28.78
2007-04-24,13.32,28.79
2007-04-25,13.62,28.99
2007-04-26,14.12,29.1
2007-04-27,14.27,30.12
2007-04-30,14.26,29.94
2007-05-01,14.21,30.4
2007-05-02,14.34,30.61
2007-05-03,14.34,30.97
2007-05-04,14.4,30.56
2007-05-07,14.85,30.71
2007-05-08,15.01,30.75
2007-05-09,15.27,30.78
2007-05-10,15.33,30.58
2007-05-11,15.53,30.89
2007-05-14,15.62,30.97
2007-05-15,15.36,30.9
2007-05-16,15.33,31.07
2007-05-17,15.63,30.98
2007-05-18,15.72,30.83
2007-05-21,16.0,31.05
2007-05-22,16.22,30.69
2007-05-23,16.13,30.58
2007-05-24,15.81,30.17
2007-05-25,16.23,30.48
2007-05-29,16.34,30.79
2007-05-30,16.97,31.11
2007-05-31,17.31,30.69
2007-06-01,16.91,30.59
2007-06-04,17.33,30.72
2007-06-05,17.52,30.58
2007-06-06,17.66,30.29
2007-06-07,17.72,29.62
2007-06-08,17.78,30.05
2007-06-11,17.17,30.02
2007-06-12,17.2,29.85
2007-06-13,16.79,30.39
2007-06-14,16.96,30.52
2007-06-15,17.21,30.49
2007-06-18,17.87,30.51
2007-06-19,17.67,30.46
2007-06-20,17.36,30.01
2007-06-21,17.7,30.22
2007-06-22,17.57,29.49
2007-06-25,17.48,29.49
2007-06-26,17.09,29.52
2007-06-27,17.41,29.87
2007-06-28,17.22,29.83
2007-06-29,17.43,29.47
2007-07-02,17.32,29.74
2007-07-03,18.17,30.02
2007-07-05,18.96,29.99
2007-07-06,18.9,29.97
2007-07-09,18.62,29.87
2007-07-10,18.91,29.33
2007-07-11,18.91,29.49
2007-07-12,19.15,30.07
2007-07-13,19.68,29.82
2007-07-16,19.73,30.03
2007-07-17,19.84,30.78
2007-07-18,19.73,30.92
2007-07-19,20.0,31.51
2007-07-20,20.54,31.16
2007-07-23,20.53,31.19
2007-07-24,19.27,30.8
2007-07-25,19.61,30.71
2007-07-26,20.86,29.98
2007-07-27,20.55,29.39
2007-07-30,20.2,29.4
2007-07-31,18.82,28.99
2007-08-01,19.29,29.3
2007-08-02,19.5,29.52
2007-08-03,18.84,28.96
2007-08-06,19.32,29.54
2007-08-07,19.29,29.55
2007-08-08,19.14,30.0
2007-08-09,18.06,29.3
2007-08-10,17.86,28.71
2007-08-13,18.26,28.63
2007-08-14,17.72,28.27
2007-08-15,17.13,28.1
2007-08-16,16.72,27.81
2007-08-17,17.44,28.25
2007-08-20,17.46,28.26
2007-08-21,18.22,28.07
2007-08-22,18.93,28.22
2007-08-23,18.72,28.3
2007-08-24,19.33,28.81
2007-08-27,18.89,28.49
2007-08-28,18.12,27.93
2007-08-29,19.15,28.59
2007-08-30,19.46,28.45
2007-08-31,19.78,28.73
2007-09-04,20.59,28.81
2007-09-05,19.54,28.48
2007-09-06,19.29,28.91
2007-09-07,18.82,28.44
2007-09-10,19.53,28.48
2007-09-11,19.36,28.93
2007-09-12,19.55,28.93
2007-09-13,19.6,29.16
2007-09-14,19.83,29.04
2007-09-17,19.77,28.72
2007-09-18,20.13,28.93
2007-09-19,20.11,28.67
2007-09-20,20.04,28.42
2007-09-21,20.59,28.65
2007-09-24,21.18,29.08
2007-09-25,21.88,29.56
2007-09-26,21.82,29.5
2007-09-27,22.07,29.49
2007-09-28,21.92,29.46
2007-10-01,22.33,29.77
2007-10-02,22.64,29.7
2007-10-03,22.56,29.45
2007-10-04,22.32,29.71
2007-10-05,23.06,29.84
2007-10-08,23.99,29.84
2007-10-09,23.98,30.1
2007-10-10,23.83,30.23
2007-10-11,23.18,29.91
2007-10-12,23.89,30.17
2007-10-15,23.85,30.04
2007-10-16,24.23,30.32
2007-10-17,24.68,31.08
2007-10-18,24.79,31.16
2007-10-19,24.35,30.17
2007-10-22,24.91,30.51
2007-10-23,26.59,30.9
2007-10-24,26.56,31.25
2007-10-25,26.11,31.99
2007-10-26,26.39,35.03
2007-10-29,26.44,34.57
2007-10-30,26.71,35.57
2007-10-31,27.14,36.81
2007-11-01,26.78,37.06
2007-11-02,26.84,37.06
2007-11-05,26.6,36.73
2007-11-06,27.4,36.41
2007-11-07,26.61,35.52
2007-11-08,25.07,34.74
2007-11-09,23.62,33.73
2007-11-12,21.97,33.38
2007-11-13,24.28,34.46
2007-11-14,23.73,33.93
2007-11-15,23.47,33.76
2007-11-16,23.77,34.09
2007-11-19,23.42,33.96
2007-11-20,24.12,34.58
2007-11-21,24.07,34.23
2007-11-23,24.51,34.11
2007-11-26,24.65,32.97
2007-11-27,24.97,33.06
2007-11-28,25.75,33.7
2007-11-29,26.33,33.59
2007-11-30,26.03,33.6
2007-12-03,25.55,32.92
2007-12-04,25.69,32.77
2007-12-05,26.5,34.15
2007-12-06,27.14,34.55
2007-12-07,27.76,34.53
2007-12-10,27.74,34.76
2007-12-11,26.93,34.1
2007-12-12,27.27,34.47
2007-12-13,27.4,35.22
2007-12-14,27.2,35.31
2007-12-17,26.34,34.39
2007-12-18,26.14,34.74
2007-12-19,26.16,34.79
2007-12-20,26.74,35.52
2007-12-21,27.7,36.06
2007-12-24,28.4,36.58
2007-12-26,28.42,36.61
2007-12-27,28.37,35.97
2007-12-28,28.55,36.12
2007-12-31,28.3,35.6
2008-01-02,27.83,35.22
2008-01-03,27.85,35.37
2008-01-04,25.72,34.38
2008-01-07,25.38,34.61
2008-01-08,24.46,33.45
2008-01-09,25.6,34.44
2008-01-10,25.43,34.33
2008-01-11,24.67,33.91
2008-01-14,25.54,34.39
2008-01-15,24.15,34.0
2008-01-16,22.81,33.23
2008-01-17,22.98,33.11
2008-01-18,23.05,33.01
2008-01-22,22.23,31.99
2008-01-23,19.87,31.93
2008-01-24,19.37,33.25
2008-01-25,18.57,32.94
2008-01-28,18.57,32.72
2008-01-29,18.79,32.6
2008-01-30,18.88,32.2
2008-01-31,19.34,32.6
2008-02-01,19.11,30.45
2008-02-04,18.81,30.19
2008-02-05,18.48,29.07
2008-02-06,17.43,28.52
2008-02-07,17.32,28.12
2008-02-08,17.93,28.56
2008-02-11,18.49,28.21
2008-02-12,17.84,28.34
2008-02-13,18.49,28.96
2008-02-14,18.21,28.5
2008-02-15,17.8,28.42
2008-02-19,17.45,28.17
2008-02-20,17.69,28.22
2008-02-21,17.36,28.1
2008-02-22,17.07,27.68
2008-02-25,17.11,27.84
2008-02-26,17.02,28.38
2008-02-27,17.57,28.26
2008-02-28,18.56,27.93
2008-02-29,17.86,27.2
2008-03-03,17.39,26.99
2008-03-04,17.8,27.59
2008-03-05,17.78,28.12
2008-03-06,17.28,27.57
2008-03-07,17.46,27.87
2008-03-10,17.1,28.05
2008-03-11,18.19,29.28
2008-03-12,18.0,28.63
2008-03-13,18.28,28.62
2008-03-14,18.09,27.96
2008-03-17,18.1,28.3
2008-03-18,18.97,29.42
2008-03-19,18.52,28.62
2008-03-20,19.04,29.18
2008-03-24,19.93,29.17
2008-03-25,20.14,29.14
2008-03-26,20.72,28.56
2008-03-27,20.04,28.05
2008-03-28,20.43,27.91
2008-03-31,20.5,28.38
2008-04-01,21.36,29.5
2008-04-02,21.07,29.16
2008-04-03,21.66,29.0
2008-04-04,21.87,29.16
2008-04-07,22.27,29.16
2008-04-08,21.83,28.75
2008-04-09,21.63,28.89
2008-04-10,22.08,29.11
2008-04-11,21.02,28.28
2008-04-14,21.11,28.06
2008-04-15,21.2,28.25
2008-04-16,21.96,28.95
2008-04-17,22.07,29.22
2008-04-18,23.01,30.0
2008-04-21,24.02,30.42
2008-04-22,22.89,30.25
2008-04-23,23.27,31.45
2008-04-24,24.13,31.8
2008-04-25,24.25,29.83
2008-04-28,24.61,28.99
2008-04-29,25.01,28.64
2008-04-30,24.85,28.52
2008-05-01,25.71,29.4
2008-05-02,25.85,29.24
2008-05-05,26.39,29.08
2008-05-06,26.67,29.7
2008-05-07,26.08,29.21
2008-05-08,26.44,29.27
2008-05-09,26.21,29.39
2008-05-12,26.88,29.99
2008-05-13,27.14,29.78
2008-05-14,26.61,29.93
2008-05-15,27.1,30.45
2008-05-16,26.8,29.99
2008-05-19,26.23,29.46
2008-05-20,26.56,28.76
2008-05-21,25.46,28.25
2008-05-22,25.29,28.47
2008-05-23,25.88,28.05
2008-05-27,26.63,28.44
2008-05-28,26.72,28.18
2008-05-29,26.67,28.31
2008-05-30,26.96,28.32
2008-06-02,26.59,27.8
2008-06-03,26.48,27.31
2008-06-04,26.46,27.54
2008-06-05,27.06,28.3
2008-06-06,26.52,27.49
2008-06-09,25.94,27.71
2008-06-10,26.52,27.89
2008-06-11,25.83,27.12
2008-06-12,24.75,28.24
2008-06-13,24.62,29.07
2008-06-16,25.26,28.93
2008-06-17,25.92,28.8
2008-06-18,25.54,28.46
2008-06-19,25.84,28.93
2008-06-20,25.04,28.23
2008-06-23,24.74,27.97
2008-06-24,24.75,27.73
2008-06-25,25.34,28.35
2008-06-26,24.04,27.75
2008-06-27,24.3,27.63
2008-06-30,23.92,27.51
2008-07-01,24.95,26.87
2008-07-02,24.03,25.88
2008-07-03,24.3,25.98
2008-07-07,25.02,26.03
2008-07-08,25.65,25.85
2008-07-09,24.89,25.23
2008-07-10,25.23,25.45
2008-07-11,24.65,25.25
2008-07-14,24.84,25.15
2008-07-15,24.23,26.15
2008-07-16,24.69,27.26
2008-07-17,24.54,27.52
2008-07-18,23.59,25.86
2008-07-21,23.76,25.64
2008-07-22,23.15,25.8
2008-07-23,23.75,26.43
2008-07-24,22.72,25.44
2008-07-25,23.16,26.16
2008-07-28,22.06,25.5
2008-07-29,22.44,26.11
2008-07-30,22.84,26.23
2008-07-31,22.71,25.72
2008-08-01,22.38,25.44
2008-08-04,21.89,25.28
2008-08-05,22.95,26.21
2008-08-06,23.46,27.02
2008-08-07,23.37,27.39
2008-08-08,24.22,28.13
2008-08-11,24.79,27.9
2008-08-12,25.25,28.12
2008-08-13,25.61,27.91
2008-08-14,25.62,27.91
2008-08-15,25.11,27.81
2008-08-18,25.06,27.69
2008-08-19,24.79,27.32
2008-08-20,25.12,27.29
2008-08-21,24.9,27.18
2008-08-22,25.26,27.84
2008-08-25,24.65,27.66
2008-08-26,24.81,27.27
2008-08-27,24.95,27.56
2008-08-28,24.82,27.94
2008-08-29,24.22,27.29
2008-09-02,23.74,27.1
2008-09-03,23.85,26.9
2008-09-04,23.03,26.35
2008-09-05,22.88,25.65
2008-09-08,22.56,26.12
2008-09-09,21.67,26.1
2008-09-10,21.66,26.44
2008-09-11,21.81,27.34
2008-09-12,21.28,27.62
2008-09-15,20.05,26.82
2008-09-16,19.98,25.99
2008-09-17,18.26,24.57
2008-09-18,19.16,25.26
2008-09-19,20.13,25.16
2008-09-22,18.72,25.4
2008-09-23,18.12,25.44
2008-09-24,18.39,25.72
2008-09-25,18.85,26.61
2008-09-26,18.32,27.4
2008-09-29,15.04,25.01
2008-09-30,16.24,26.69
2008-10-01,15.59,26.48
2008-10-02,14.3,26.25
2008-10-03,13.87,26.32
2008-10-06,14.02,24.91
2008-10-07,12.74,23.23
2008-10-08,12.83,23.01
2008-10-09,12.68,22.3
2008-10-10,13.8,21.5
2008-10-13,15.75,25.5
2008-10-14,14.87,24.1
2008-10-15,13.99,22.66
2008-10-16,14.56,24.19
2008-10-17,13.91,23.93
2008-10-20,14.06,24.72
2008-10-21,13.07,23.36
2008-10-22,13.84,21.53
2008-10-23,14.03,22.32
2008-10-24,13.77,21.96
2008-10-27,13.16,21.18
2008-10-28,14.27,23.1
2008-10-29,14.94,23.0
2008-10-30,15.86,22.63
2008-10-31,15.37,22.33
2008-11-03,15.28,22.62
2008-11-04,15.86,23.53
2008-11-05,14.76,22.08
2008-11-06,14.16,20.88
2008-11-07,14.03,21.5
2008-11-10,13.7,21.3
2008-11-11,13.54,21.2
2008-11-12,12.87,20.3
2008-11-13,13.78,21.25
2008-11-14,12.89,20.06
2008-11-17,12.59,19.32
2008-11-18,12.84,19.62
2008-11-19,12.33,18.29
2008-11-20,11.5,17.53
2008-11-21,11.8,19.68
2008-11-24,13.28,20.69
2008-11-25,12.97,19.99
2008-11-26,13.57,20.49
2008-11-28,13.24,20.22
2008-12-01,12.7,18.61
2008-12-02,13.21,19.15
2008-12-03,13.7,19.87
2008-12-04,13.06,19.11
2008-12-05,13.43,19.87
2008-12-08,14.25,21.01
2008-12-09,14.29,20.6
2008-12-10,14.03,20.61
2008-12-11,13.57,19.45
2008-12-12,14.04,19.36
2008-12-15,13.54,19.04
2008-12-16,13.63,20.11
2008-12-17,12.74,19.66
2008-12-18,12.78,19.3
2008-12-19,12.86,19.12
2008-12-22,12.25,19.18
2008-12-23,12.34,19.28
2008-12-24,12.15,19.17
2008-12-26,12.26,19.13
2008-12-29,12.37,18.96
2008-12-30,12.33,19.34
2008-12-31,12.19,19.44
2009-01-02,12.96,20.33
2009-01-05,13.51,20.52
2009-01-06,13.29,20.76
2009-01-07,13.0,19.51
2009-01-08,13.24,20.12
2009-01-09,12.94,19.52
2009-01-12,12.67,19.47
2009-01-13,12.53,19.82
2009-01-14,12.19,19.09
2009-01-15,11.91,19.24
2009-01-16,11.76,19.71
2009-01-20,11.17,18.48
2009-01-21,11.83,19.38
2009-01-22,12.62,17.11
2009-01-23,12.62,17.2
2009-01-26,12.81,17.63
2009-01-27,12.96,17.66
2009-01-28,13.46,18.04
2009-01-29,13.29,17.59
2009-01-30,12.88,17.1
2009-02-02,13.07,17.83
2009-02-03,13.28,18.5
2009-02-04,13.36,18.63
2009-02-05,13.78,19.04
2009-02-06,14.25,19.66
2009-02-09,14.64,19.44
2009-02-10,13.98,18.8
2009-02-11,13.83,19.21
2009-02-12,14.18,19.26
2009-02-13,14.17,19.09
2009-02-17,13.5,18.09
2009-02-18,13.48,18.12
2009-02-19,12.95,17.91
2009-02-20,13.0,18.0
2009-02-23,12.42,17.21
2009-02-24,12.89,17.17
2009-02-25,13.02,16.96
2009-02-26,12.74,16.42
2009-02-27,12.76,16.15
2009-03-02,12.56,15.79
2009-03-03,12.62,15.88
2009-03-04,13.02,16.12
2009-03-05,12.69,15.27
2009-03-06,12.19,15.28
2009-03-09,11.87,15.15
2009-03-10,12.66,16.48
2009-03-11,13.24,17.11
2009-03-12,13.76,17.01
2009-03-13,13.7,16.65
2009-03-16,13.63,16.25
2009-03-17,14.24,16.9
2009-03-18,14.5,16.96
2009-03-19,14.52,17.14
2009-03-20,14.51,17.06
2009-03-23,15.38,18.33
2009-03-24,15.21,17.93
2009-03-25,15.21,17.88
2009-03-26,15.7,18.83
2009-03-27,15.26,18.13
2009-03-30,14.93,17.48
2009-03-31,15.02,18.37
2009-04-01,15.53,19.31
2009-04-02,16.1,19.29
2009-04-03,16.57,18.75
2009-04-06,16.92,18.76
2009-04-07,16.43,18.76
2009-04-08,16.62,19.19
2009-04-09,17.08,19.67
2009-04-13,17.17,19.59
2009-04-14,16.9,19.35
2009-04-15,16.81,18.83
2009-04-16,17.35,19.76
2009-04-17,17.63,19.2
2009-04-20,17.21,18.61
2009-04-21,17.39,18.97
2009-04-22,17.36,18.78
2009-04-23,17.91,18.92
2009-04-24,17.7,20.91
2009-04-27,17.82,20.4
2009-04-28,17.7,19.93
2009-04-29,17.88,20.25
2009-04-30,17.98,20.26
2009-05-01,18.18,20.24
2009-05-04,18.87,20.19
2009-05-05,18.96,19.79
2009-05-06,18.93,19.79
2009-05-07,18.44,19.32
2009-05-08,18.46,19.42
2009-05-11,18.51,19.32
2009-05-12,17.77,19.89
2009-05-13,17.07,19.75
2009-05-14,17.56,20.06
2009-05-15,17.49,20.22
2009-05-18,18.09,20.6
2009-05-19,18.21,20.31
2009-05-20,17.98,20.38
2009-05-21,17.74,19.82
2009-05-22,17.5,19.75
2009-05-26,18.68,20.34
2009-05-27,19.01,20.13
2009-05-28,19.3,20.45
2009-05-29,19.4,20.89
2009-06-01,19.91,21.4
2009-06-02,19.93,21.4
2009-06-03,20.14,21.73
2009-06-04,20.53,21.83
2009-06-05,20.67,22.14
2009-06-08,20.55,22.05
2009-06-09,20.39,22.08
2009-06-10,20.04,22.55
2009-06-11,19.99,22.83
2009-06-12,19.57,23.33
2009-06-15,19.44,23.42
2009-06-16,19.48,23.45
2009-06-17,19.37,23.68
2009-06-18,19.41,23.5
2009-06-19,19.93,24.07
2009-06-22,19.62,23.28
2009-06-23,19.14,23.34
2009-06-24,19.46,23.47
2009-06-25,19.98,23.79
2009-06-26,20.35,23.35
2009-06-29,20.28,23.86
2009-06-30,20.35,23.77
2009-07-01,20.4,24.04
2009-07-02,20.0,23.37
2009-07-06,19.8,23.2
2009-07-07,19.34,22.53
2009-07-08,19.6,22.56
2009-07-09,19.48,22.44
2009-07-10,19.79,22.39
2009-07-13,20.33,23.23
2009-07-14,20.32,23.11
2009-07-15,20.98,24.12
2009-07-16,21.07,24.44
2009-07-17,21.68,24.29
2009-07-20,21.84,24.53
2009-07-21,21.64,24.83
2009-07-22,22.39,24.8
2009-07-23,22.55,25.56
2009-07-24,22.86,23.45
2009-07-27,22.87,23.11
2009-07-28,22.86,23.47
2009-07-29,22.86,23.8
2009-07-30,23.26,23.81
2009-07-31,23.34,23.52
2009-08-03,23.78,23.83
2009-08-04,23.65,23.77
2009-08-05,23.59,23.81
2009-08-06,23.42,23.46
2009-08-07,23.64,23.56
2009-08-10,23.53,23.42
2009-08-11,23.26,23.13
2009-08-12,23.62,23.53
2009-08-13,24.06,23.62
2009-08-14,23.83,23.69
2009-08-17,22.8,23.25
2009-08-18,23.43,23.58
2009-08-19,23.51,23.65
2009-08-20,23.76,23.67
2009-08-21,24.17,24.41
2009-08-24,24.15,24.64
2009-08-25,24.2,24.64
2009-08-26,23.92,24.55
2009-08-27,24.21,24.69
2009-08-28,24.29,24.68
2009-08-31,24.03,24.65
2009-09-01,23.61,24.0
2009-09-02,23.6,23.86
2009-09-03,23.79,24.11
2009-09-04,24.33,24.62
2009-09-08,24.7,24.82
2009-09-09,24.45,24.78
2009-09-10,24.65,25.0
2009-09-11,24.59,24.86
2009-09-14,24.82,25.0
2009-09-15,25.02,25.2
2009-09-16,25.98,25.2
2009-09-17,26.36,25.3
2009-09-18,26.43,25.26
2009-09-21,26.29,25.3
2009-09-22,26.35,25.77
2009-09-23,26.5,25.71
2009-09-24,26.26,25.94
2009-09-25,26.05,25.55
2009-09-28,26.59,25.83
2009-09-29,26.48,25.75
2009-09-30,26.48,25.72
2009-10-01,25.84,24.88
2009-10-02,26.41,24.96
2009-10-05,26.57,24.64
2009-10-06,27.14,25.11
2009-10-07,27.18,25.1
2009-10-08,27.04,25.67
2009-10-09,27.21,25.55
2009-10-12,27.26,25.72
2009-10-13,27.15,25.81
2009-10-14,27.33,25.96
2009-10-15,27.22,26.71
2009-10-16,26.86,26.5
2009-10-19,27.12,26.36
2009-10-20,28.39,26.37
2009-10-21,29.27,26.58
2009-10-22,29.31,26.59
2009-10-23,29.13,28.02
2009-10-26,28.93,28.68
2009-10-27,28.2,28.59
2009-10-28,27.49,28.02
2009-10-29,28.05,28.22
2009-10-30,26.93,27.73
2009-11-02,27.04,27.88
2009-11-03,26.96,27.53
2009-11-04,27.26,28.06
2009-11-05,27.72,28.47
2009-11-06,27.76,28.52
2009-11-09,28.78,28.99
2009-11-10,29.0,29.01
2009-11-11,29.04,29.12
2009-11-12,28.86,29.36
2009-11-13,29.21,29.63
2009-11-16,29.52,29.54
2009-11-17,29.57,30.0
2009-11-18,29.42,30.11
2009-11-19,28.64,29.78
2009-11-20,28.56,29.62
2009-11-23,29.41,29.94
2009-11-24,29.21,29.91
2009-11-25,29.17,29.79
2009-11-27,28.66,29.22
2009-11-30,28.56,29.41
2009-12-01,28.14,30.01
2009-12-02,28.03,29.78
2009-12-03,28.07,29.83
2009-12-04,27.62,29.98
2009-12-07,26.99,29.79
2009-12-08,27.12,29.57
2009-12-09,28.26,29.71
2009-12-10,28.06,29.87
2009-12-11,27.81,29.85
2009-12-14,28.14,30.11
2009-12-15,27.74,30.02
2009-12-16,27.86,30.1
2009-12-17,27.41,29.6
2009-12-18,27.92,30.36
2009-12-21,28.32,30.52
2009-12-22,28.62,30.82
2009-12-23,28.87,30.92
2009-12-24,29.86,31.0
2009-12-28,30.23,31.17
2009-12-29,29.87,31.39
2009-12-30,30.23,30.96
2009-12-31,30.1,30.48
2010-01-04,30.57,30.95
2010-01-05,30.63,30.96
2010-01-06,30.14,30.77
2010-01-07,30.08,30.45
2010-01-08,30.28,30.66
2010-01-11,30.02,30.27
2010-01-12,29.67,30.07
2010-01-13,30.09,30.35
2010-01-14,29.92,30.96
2010-01-15,29.42,30.86
2010-01-19,30.72,31.1
2010-01-20,30.25,30.58
2010-01-21,29.72,30.01
2010-01-22,28.25,28.96
2010-01-25,29.01,29.32
2010-01-26,29.42,29.5
2010-01-27,29.7,29.67
2010-01-28,28.47,29.16
2010-01-29,27.44,28.18
2010-02-01,27.82,28.41
2010-02-02,27.98,28.46
2010-02-03,28.46,28.63
2010-02-04,27.44,27.84
2010-02-05,27.92,28.02
2010-02-08,27.73,27.72
2010-02-09,28.03,28.01
2010-02-10,27.87,27.99
2010-02-11,28.38,28.12
2010-02-12,28.63,27.93
2010-02-16,29.06,28.35
2010-02-17,28.94,28.59
2010-02-18,28.99,28.97
2010-02-19,28.81,28.77
2010-02-22,28.63,28.73
2010-02-23,28.15,28.33
2010-02-24,28.66,28.63
2010-02-25,28.86,28.6
2010-02-26,29.23,28.67
2010-03-01,29.86,29.02
2010-03-02,29.84,28.46
2010-03-03,29.9,28.46
2010-03-04,30.1,28.63
2010-03-05,31.28,28.59
2010-03-08,31.3,28.63
2010-03-09,31.86,28.8
2010-03-10,32.12,28.97
2010-03-11,32.21,29.18
2010-03-12,32.37,29.27
2010-03-15,31.98,29.29
2010-03-16,32.06,29.37
2010-03-17,32.02,29.63
2010-03-18,32.09,29.61
2010-03-19,31.75,29.59
2010-03-22,32.11,29.6
2010-03-23,32.62,29.88
2010-03-24,32.77,29.65
2010-03-25,32.38,30.01
2010-03-26,32.99,29.66
2010-03-29,33.2,29.59
2010-03-30,33.69,29.77
2010-03-31,33.57,29.29
2010-04-05,34.07,29.27
2010-04-06,34.22,29.32
2010-04-07,34.37,29.35
2010-04-08,34.28,29.92
2010-04-09,34.54,30.34
2010-04-12,34.61,30.32
2010-04-13,34.63,30.45
2010-04-14,35.1,30.82
2010-04-15,35.56,30.87
2010-04-16,35.34,30.67
2010-04-19,35.3,31.04
2010-04-20,34.94,31.36
2010-04-21,37.03,31.33
2010-04-22,38.07,31.39
2010-04-23,38.69,30.96
2010-04-26,38.5,31.11
2010-04-27,37.43,30.84
2010-04-28,37.37,30.91
2010-04-29,38.38,31.0
2010-04-30,37.3,30.54
2010-05-03,38.05,30.86
2010-05-04,36.95,30.13
2010-05-05,36.57,29.85
2010-05-06,35.18,28.98
2010-05-07,33.69,28.21
2010-05-10,36.28,28.94
2010-05-11,36.65,28.88
2010-05-12,37.44,29.44
2010-05-13,36.91,29.24
2010-05-14,36.26,28.93
2010-05-17,36.32,28.94
2010-05-18,36.05,28.6
2010-05-19,35.48,28.24
2010-05-20,33.97,27.11
2010-05-21,34.62,26.84
2010-05-24,35.25,26.27
2010-05-25,35.03,26.07
2010-05-26,34.87,25.01
2010-05-27,36.19,26.0
2010-05-28,36.7,25.8
2010-06-01,37.26,25.89
2010-06-02,37.71,26.46
2010-06-03,37.59,26.86
2010-06-04,36.57,25.79
2010-06-07,35.85,25.29
2010-06-08,35.62,25.11
2010-06-09,34.74,24.79
2010-06-10,35.79,25.0
2010-06-11,36.22,25.66
2010-06-14,36.33,25.5
2010-06-15,37.1,26.58
2010-06-16,38.18,26.32
2010-06-17,38.84,26.37
2010-06-18,39.15,26.44
2010-06-21,38.6,25.95
2010-06-22,39.12,25.77
2010-06-23,38.71,25.31
2010-06-24,38.43,25.0
2010-06-25,38.1,24.53
2010-06-28,38.33,24.31
2010-06-29,36.6,23.31
2010-06-30,35.93,23.01
2010-07-01,35.5,23.16
2010-07-02,35.28,23.27
2010-07-06,35.52,23.82
2010-07-07,36.95,24.3
2010-07-08,36.87,24.41
2010-07-09,37.09,24.27
2010-07-12,36.76,24.83
2010-07-13,35.97,25.13
2010-07-14,36.1,25.44
2010-07-15,35.92,25.51
2010-07-16,35.7,24.89
2010-07-19,35.08,25.23
2010-07-20,35.98,25.48
2010-07-21,36.32,25.12
2010-07-22,37.0,25.84
2010-07-23,37.13,25.81
2010-07-26,37.04,26.1
2010-07-27,37.73,26.16
2010-07-28,37.28,25.95
2010-07-29,36.87,26.03
2010-07-30,36.75,25.81
2010-08-02,37.41,26.33
2010-08-03,37.42,26.16
2010-08-04,37.57,25.73
2010-08-05,37.39,25.37
2010-08-06,37.16,25.55
2010-08-09,37.39,25.61
2010-08-10,37.06,25.07
2010-08-11,35.74,24.86
2010-08-12,35.97,24.49
2010-08-13,35.59,24.4
2010-08-16,35.38,24.5
2010-08-17,36.0,24.71
2010-08-18,36.15,24.82
2010-08-19,35.7,24.44
2010-08-20,35.66,24.23
2010-08-23,35.11,24.28
2010-08-24,34.28,24.04
2010-08-25,34.7,24.1
2010-08-26,34.33,23.82
2010-08-27,34.52,23.93
2010-08-30,34.64,23.64
2010-08-31,34.73,23.46
2010-09-01,35.76,23.9
2010-09-02,36.02,23.94
2010-09-03,36.97,24.29
2010-09-07,36.83,23.96
2010-09-08,37.56,23.93
2010-09-09,37.58,24.01
2010-09-10,37.63,23.85
2010-09-13,38.15,25.11
2010-09-14,38.29,25.03
2010-09-15,38.6,25.12
2010-09-16,39.51,25.33
2010-09-17,39.34,25.22
2010-09-20,40.46,25.43
2010-09-21,40.54,25.15
2010-09-22,41.11,24.61
2010-09-23,41.27,24.43
2010-09-24,41.76,24.78
2010-09-27,41.6,24.73
2010-09-28,40.98,24.68
2010-09-29,41.05,24.5
2010-09-30,40.54,24.49
2010-10-01,40.36,24.38
2010-10-04,39.81,23.91
2010-10-05,41.28,24.35
2010-10-06,41.31,24.43
2010-10-07,41.32,24.53
2010-10-08,42.01,24.57
2010-10-11,42.19,24.59
2010-10-12,42.65,24.83
2010-10-13,42.88,25.34
2010-10-14,43.19,25.23
2010-10-15,44.96,25.54
2010-10-18,45.43,25.82
2010-10-19,44.21,25.1
2010-10-20,44.36,25.31
2010-10-21,44.22,25.42
2010-10-22,43.92,25.38
2010-10-25,44.12,25.19
2010-10-26,44.01,25.9
2010-10-27,43.98,26.05
2010-10-28,43.61,26.28
2010-10-29,43.0,26.66
2010-11-01,43.45,26.95
2010-11-02,44.19,27.39
2010-11-03,44.69,27.03
2010-11-04,45.47,27.14
2010-11-05,45.3,26.85
2010-11-08,45.52,26.81
2010-11-09,45.15,26.95
2010-11-10,45.43,26.94
2010-11-11,45.24,26.68
2010-11-12,44.0,26.27
2010-11-15,43.86,26.2
2010-11-16,43.08,25.81
2010-11-17,42.93,25.57
2010-11-18,44.06,25.84
2010-11-19,43.82,25.69
2010-11-22,44.77,25.73
2010-11-23,44.1,25.12
2010-11-24,44.97,25.37
2010-11-26,45.0,25.25
2010-11-29,45.27,25.31
2010-11-30,44.45,25.26
2010-12-01,45.2,26.04
2010-12-02,45.45,26.89
2010-12-03,45.35,27.02
2010-12-06,45.74,26.84
2010-12-07,45.46,26.87
2010-12-08,45.86,27.23
2010-12-09,45.68,27.08
2010-12-10,45.79,27.34
2010-12-13,45.95,27.24
2010-12-14,45.76,27.62
2010-12-15,45.77,27.85
2010-12-16,45.89,27.99
2010-12-17,45.8,27.9
2010-12-20,46.03,27.81
2010-12-21,46.32,28.07
2010-12-22,46.45,28.19
2010-12-23,46.23,28.3
2010-12-27,46.38,28.07
2010-12-28,46.5,28.01
2010-12-29,46.47,27.97
2010-12-30,46.24,27.85
2010-12-31,46.08,27.91
2011-01-03,47.08,27.98
2011-01-04,47.33,28.09
2011-01-05,47.71,28.0
2011-01-06,47.68,28.82
2011-01-07,48.02,28.6
2011-01-10,48.92,28.22
2011-01-11,48.81,28.11
2011-01-12,49.2,28.55
2011-01-13,49.38,28.19
2011-01-14,49.78,28.3
2011-01-18,48.66,28.66
2011-01-19,48.41,28.47
2011-01-20,47.53,28.35
2011-01-21,46.67,28.02
2011-01-24,48.21,28.38
2011-01-25,48.77,28.45
2011-01-26,49.12,28.78
2011-01-27,49.03,28.87
2011-01-28,48.01,27.75
2011-01-31,48.47,27.72
2011-02-01,49.29,27.99
2011-02-02,49.19,27.94
2011-02-03,49.06,27.65
2011-02-04,49.5,27.77
2011-02-07,50.27,28.2
2011-02-08,50.74,28.28
2011-02-09,51.17,27.97
2011-02-10,50.65,27.5
2011-02-11,50.98,27.25
2011-02-14,51.31,27.23
2011-02-15,51.41,26.96
2011-02-16,51.88,27.02
2011-02-17,51.19,27.21
2011-02-18,50.08,27.06
2011-02-22,48.37,26.59
2011-02-23,48.95,26.59
2011-02-24,48.98,26.77
2011-02-25,49.74,26.55
2011-02-28,50.46,26.58
2011-03-01,49.9,26.16
2011-03-02,50.3,26.08
2011-03-03,51.37,26.2
2011-03-04,51.43,25.95
2011-03-07,50.77,25.72
2011-03-08,50.82,25.91
2011-03-09,50.35,25.89
2011-03-10,49.52,25.41
2011-03-11,50.28,25.68
2011-03-14,50.51,25.69
2011-03-15,49.35,25.39
2011-03-16,47.14,24.79
2011-03-17,47.81,24.78
2011-03-18,47.24,24.8
2011-03-21,48.47,25.33
2011-03-22,48.74,25.3
2011-03-23,48.46,25.54
2011-03-24,49.28,25.81
2011-03-25,50.22,25.62
2011-03-28,50.06,25.41
2011-03-29,50.14,25.49
2011-03-30,49.8,25.61
2011-03-31,49.79,25.39
2011-04-01,49.22,25.48
2011-04-04,48.74,25.55
2011-04-05,48.41,25.78
2011-04-06,48.29,26.15
2011-04-07,48.3,26.2
2011-04-08,47.87,26.07
2011-04-11,47.26,25.98
2011-04-12,47.49,25.64
2011-04-13,48.02,25.63
2011-04-14,47.49,25.42
2011-04-15,46.78,25.37
2011-04-18,47.41,25.08
2011-04-19,48.27,25.15
2011-04-20,48.92,25.76
2011-04-21,50.1,25.52
2011-04-25,50.43,25.61
2011-04-26,50.06,26.19
2011-04-27,50.02,26.38
2011-04-28,49.54,26.71
2011-04-29,50.02,25.92
2011-05-02,49.47,25.66
2011-05-03,49.74,25.81
2011-05-04,49.94,26.06
2011-05-05,49.54,25.79
2011-05-06,49.52,25.87
2011-05-09,49.66,25.83
2011-05-10,49.92,25.67
2011-05-11,49.6,25.36
2011-05-12,49.51,25.32
2011-05-13,48.64,25.03
2011-05-16,47.61,24.57
2011-05-17,48.02,24.52
2011-05-18,48.55,24.69
2011-05-19,48.65,24.72
2011-05-20,47.89,24.49
2011-05-23,47.77,24.17
2011-05-24,47.46,24.15
2011-05-25,48.11,24.19
2011-05-26,47.86,24.67
2011-05-27,48.2,24.76
2011-05-31,49.69,25.01
2011-06-01,49.36,24.43
2011-06-02,49.44,24.22
2011-06-03,49.06,23.9
2011-06-06,48.29,24.01
2011-06-07,47.43,24.06
2011-06-08,47.46,23.94
2011-06-09,47.36,23.96
2011-06-10,46.56,23.7
2011-06-13,46.66,24.04
2011-06-14,47.49,24.22
2011-06-15,46.68,23.74
2011-06-16,46.45,24.0
2011-06-17,45.75,24.26
2011-06-20,45.05,24.47
2011-06-21,46.47,24.76
2011-06-22,46.09,24.65
2011-06-23,47.32,24.63
2011-06-24,46.62,24.3
2011-06-27,47.43,25.2
2011-06-28,47.89,25.8
2011-06-29,47.72,25.62
2011-06-30,47.95,26.0
2011-07-01,49.04,26.02
2011-07-05,49.92,26.03
2011-07-06,50.25,26.33
2011-07-07,51.03,26.77
2011-07-08,51.39,26.92
2011-07-11,50.57,26.63
2011-07-12,50.54,26.54
2011-07-13,51.15,26.63
2011-07-14,51.11,26.47
2011-07-15,52.13,26.78
2011-07-18,53.4,26.59
2011-07-19,53.84,27.54
2011-07-20,55.27,27.06
2011-07-21,55.33,27.1
2011-07-22,56.19,27.53
2011-07-25,56.93,27.91
2011-07-26,57.63,28.08
2011-07-27,56.08,27.33
2011-07-28,55.97,27.72
2011-07-29,55.78,27.4
2011-08-01,56.68,27.27
2011-08-02,55.46,26.64
2011-08-03,56.08,26.92
2011-08-04,53.91,25.94
2011-08-05,53.37,25.68
2011-08-08,50.46,24.48
2011-08-09,53.43,25.58
2011-08-10,51.96,24.2
2011-08-11,53.39,25.19
2011-08-12,53.86,25.1
2011-08-15,54.77,25.51
2011-08-16,54.35,25.35
2011-08-17,54.35,25.24
2011-08-18,52.29,24.67
2011-08-19,50.86,24.05
2011-08-22,50.92,23.98
2011-08-23,53.37,24.72
2011-08-24,53.74,24.9
2011-08-25,53.39,24.57
2011-08-26,54.8,25.25
2011-08-29,55.71,25.84
2011-08-30,55.71,26.23
2011-08-31,54.98,26.6
2011-09-01,54.43,26.21
2011-09-02,53.44,25.8
2011-09-06,54.25,25.51
2011-09-07,54.85,26.0
2011-09-08,54.88,26.22
2011-09-09,53.93,25.74
2011-09-12,54.28,25.89
2011-09-13,54.95,26.04
2011-09-14,55.61,26.5
2011-09-15,56.14,26.99
2011-09-16,57.21,27.12
2011-09-19,58.8,27.21
2011-09-20,59.06,26.98
2011-09-21,58.88,25.99
2011-09-22,57.4,25.06
2011-09-23,57.76,25.06
2011-09-26,57.6,25.44
2011-09-27,57.04,25.67
2011-09-28,56.72,25.58
2011-09-29,55.8,25.45
2011-09-30,54.47,24.89
2011-10-03,53.51,24.53
2011-10-04,53.21,25.34
2011-10-05,54.04,25.89
2011-10-06,53.91,26.34
2011-10-07,52.83,26.25
2011-10-10,55.54,26.94
2011-10-11,57.18,27.0
2011-10-12,57.46,26.96
2011-10-13,58.35,27.18
2011-10-14,60.29,27.27
2011-10-17,60.0,26.98
2011-10-18,60.32,27.31
2011-10-19,56.95,27.13
2011-10-20,56.47,27.04
2011-10-21,56.12,27.16
2011-10-24,57.97,27.19
2011-10-25,56.82,26.81
2011-10-26,57.23,26.59
2011-10-27,57.81,27.25
2011-10-28,57.85,26.98
2011-10-31,57.83,26.63
2011-11-01,56.64,25.99
2011-11-02,56.77,26.01
2011-11-03,57.58,26.53
2011-11-04,57.18,26.25
2011-11-07,57.1,26.8
2011-11-08,58.03,27.16
2011-11-09,56.47,26.2
2011-11-10,55.03,26.28
2011-11-11,54.95,26.91
2011-11-14,54.18,26.76
2011-11-15,55.55,26.74
2011-11-16,54.97,26.07
2011-11-17,53.92,25.54
2011-11-18,53.56,25.3
2011-11-21,52.72,25.0
2011-11-22,53.79,24.79
2011-11-23,52.43,24.47
2011-11-25,51.94,24.3
2011-11-28,53.73,24.87
2011-11-29,53.31,24.84
2011-11-30,54.6,25.58
2011-12-01,55.42,25.28
2011-12-02,55.67,25.22
2011-12-05,56.14,25.7
2011-12-06,55.85,25.66
2011-12-07,55.58,25.6
2011-12-08,55.81,25.4
2011-12-09,56.23,25.7
2011-12-12,55.98,25.51
2011-12-13,55.54,25.76
2011-12-14,54.31,25.59
2011-12-15,54.13,25.56
2011-12-16,54.43,26.0
2011-12-19,54.6,25.53
2011-12-20,56.56,26.02
2011-12-21,56.64,25.76
2011-12-22,56.94,25.81
2011-12-23,57.62,26.03
2011-12-27,58.08,26.04
2011-12-28,57.52,25.82
2011-12-29,57.87,26.02
2011-12-30,57.86,25.96
2012-01-03,58.75,26.76
2012-01-04,59.06,27.4
2012-01-05,59.72,27.68
2012-01-06,60.34,28.1
2012-01-09,60.25,27.74
2012-01-10,60.46,27.84
2012-01-11,60.36,27.72
2012-01-12,60.2,28.0
2012-01-13,59.97,28.25
2012-01-17,60.67,28.26
2012-01-18,61.3,28.23
2012-01-19,61.11,28.12
2012-01-20,60.04,29.71
2012-01-23,61.06,29.73
2012-01-24,60.06,29.34
2012-01-25,63.81,29.56
2012-01-26,63.52,29.5
2012-01-27,63.9,29.23
2012-01-30,64.72,29.61
2012-01-31,65.21,29.53
2012-02-01,65.17,29.89
2012-02-02,65.02,29.95
2012-02-03,65.67,30.24
2012-02-06,66.28,30.2
2012-02-07,66.98,30.35
2012-02-08,68.1,30.66
2012-02-09,70.45,30.77
2012-02-10,70.49,30.5
2012-02-13,71.8,30.58
2012-02-14,72.78,30.25
2012-02-15,71.1,30.05
2012-02-16,71.74,31.28
2012-02-17,71.73,31.25
2012-02-21,73.55,31.44
2012-02-22,73.29,31.27
2012-02-23,73.77,31.37
2012-02-24,74.63,31.48
2012-02-27,75.11,31.35
2012-02-28,76.49,31.87
2012-02-29,77.49,31.74
2012-03-01,77.78,32.29
2012-03-02,77.88,32.08
2012-03-05,76.17,31.8
2012-03-06,75.75,31.56
2012-03-07,75.81,31.84
2012-03-08,77.43,32.01
2012-03-09,77.88,31.99
2012-03-12,78.86,32.04
2012-03-13,81.16,32.67
2012-03-14,84.23,32.77
2012-03-15,83.65,32.85
2012-03-16,83.65,32.6
2012-03-19,85.87,32.2
2012-03-20,86.57,31.99
2012-03-21,86.07,31.91
2012-03-22,85.62,32.0
2012-03-23,85.15,32.01
2012-03-26,86.71,32.59
2012-03-27,87.78,32.52
2012-03-28,88.23,32.19
2012-03-29,87.12,32.12
2012-03-30,85.65,32.26
2012-04-02,88.38,32.29
2012-04-03,89.9,31.94
2012-04-04,89.19,31.21
2012-04-05,90.53,31.52
2012-04-09,90.89,31.1
2012-04-10,89.78,30.47
2012-04-11,89.46,30.34
2012-04-12,88.97,30.98
2012-04-13,86.46,30.81
2012-04-16,82.88,31.08
2012-04-17,87.1,31.44
2012-04-18,86.91,31.14
2012-04-19,83.92,31.01
2012-04-20,81.85,32.42
2012-04-23,81.67,32.12
2012-04-24,80.04,31.92
2012-04-25,87.14,32.2
2012-04-26,86.81,32.11
2012-04-27,86.14,31.98
2012-04-30,83.43,32.02
2012-05-01,83.16,32.01
2012-05-02,83.71,31.8
2012-05-03,83.12,31.76
2012-05-04,80.75,30.98
2012-05-07,81.35,30.65
2012-05-08,81.17,30.5
2012-05-09,81.31,30.76
2012-05-10,81.5,30.74
2012-05-11,80.96,31.16
2012-05-14,79.75,30.68
2012-05-15,79.02,30.21
2012-05-16,78.01,29.9
2012-05-17,75.73,29.72
2012-05-18,75.77,29.27
2012-05-21,80.18,29.75
2012-05-22,79.57,29.76
2012-05-23,81.51,29.11
2012-05-24,80.76,29.07
2012-05-25,80.33,29.06
2012-05-29,81.75,29.56
2012-05-30,82.74,29.34
2012-05-31,82.53,29.19
2012-06-01,80.14,28.45
2012-06-04,80.61,28.55
2012-06-05,80.4,28.5
2012-06-06,81.64,29.35
2012-06-07,81.67,29.23
2012-06-08,82.9,29.65
2012-06-11,81.6,28.9
2012-06-12,82.31,29.29
2012-06-13,81.74,29.13
2012-06-14,81.65,29.34
2012-06-15,82.02,30.02
2012-06-18,83.68,29.84
2012-06-19,83.92,30.7
2012-06-20,83.68,30.93
2012-06-21,82.52,30.14
2012-06-22,83.16,30.7
2012-06-25,81.54,29.86
2012-06-26,81.72,30.02
2012-06-27,82.07,30.17
2012-06-28,81.29,29.91
2012-06-29,83.43,30.59
2012-07-02,84.65,30.56
2012-07-03,85.63,30.76
2012-07-05,87.13,30.7
2012-07-06,86.55,30.18
2012-07-09,87.7,30.0
2012-07-10,86.89,29.74
2012-07-11,86.35,29.3
2012-07-12,85.56,28.63
2012-07-13,86.42,29.39
2012-07-16,86.7,29.44
2012-07-17,86.71,29.66
2012-07-18,86.61,30.45
2012-07-19,87.76,30.66
2012-07-20,86.33,30.12
2012-07-23,86.26,29.28
2012-07-24,85.85,29.15
2012-07-25,82.14,28.83
2012-07-26,82.13,29.16
2012-07-27,83.59,29.76
2012-07-30,85.0,29.64
2012-07-31,87.25,29.47
2012-08-01,86.69,29.41
2012-08-02,86.83,29.19
2012-08-03,87.96,29.75
2012-08-06,88.94,29.95
2012-08-07,88.7,30.26
2012-08-08,88.55,30.33
2012-08-09,88.68,30.5
2012-08-10,88.81,30.42
2012-08-13,90.0,30.39
2012-08-14,90.24,30.13
2012-08-15,90.12,30.2
2012-08-16,90.91,30.78
2012-08-17,92.59,30.9
2012-08-20,95.02,30.74
2012-08-21,93.72,30.8
2012-08-22,95.55,30.54
2012-08-23,94.66,30.26
2012-08-24,94.75,30.56
2012-08-27,96.53,30.69
2012-08-28,96.4,30.63
2012-08-29,96.21,30.65
2012-08-30,94.84,30.32
2012-08-31,95.03,30.82
2012-09-04,96.42,30.38
2012-09-05,95.75,30.39
2012-09-06,96.61,31.34
2012-09-07,97.21,30.95
2012-09-10,94.68,30.72
2012-09-11,94.37,30.79
2012-09-12,95.68,30.78
2012-09-13,97.57,30.94
2012-09-14,98.75,31.21
2012-09-17,99.97,31.21
2012-09-18,100.27,31.18
2012-09-19,100.3,31.05
2012-09-20,99.81,31.45
2012-09-21,100.01,31.19
2012-09-24,98.68,30.78
2012-09-25,96.22,30.39
2012-09-26,95.03,30.16
2012-09-27,97.33,30.16
2012-09-28,95.3,29.76
2012-10-01,94.2,29.49
2012-10-02,94.47,29.66
2012-10-03,95.92,29.86
2012-10-04,95.26,30.03
2012-10-05,93.23,29.85
2012-10-08,91.17,29.78
2012-10-09,90.84,29.28
2012-10-10,91.56,28.98
2012-10-11,89.7,28.95
2012-10-12,89.96,29.2
2012-10-15,90.68,29.51
2012-10-16,92.83,29.49
2012-10-17,92.09,29.59
2012-10-18,90.38,29.5
2012-10-19,87.12,28.64
2012-10-22,90.58,28.0
2012-10-23,87.62,28.05
2012-10-24,88.12,27.9
2012-10-25,87.08,27.88
2012-10-26,86.29,28.21
2012-10-31,85.05,28.54
2012-11-01,85.22,29.52
2012-11-02,82.4,29.5
2012-11-05,83.52,29.63
2012-11-06,83.26,29.86
2012-11-07,79.71,29.08
2012-11-08,76.82,28.81
2012-11-09,78.15,28.83
2012-11-12,77.55,28.22
2012-11-13,77.56,27.09
2012-11-14,76.7,26.84
2012-11-15,75.09,26.66
2012-11-16,75.38,26.52
2012-11-19,80.82,26.73
2012-11-20,80.13,26.71
2012-11-21,80.24,26.95
2012-11-23,81.64,27.7
2012-11-26,84.22,27.38
2012-11-27,83.54,27.08
2012-11-28,83.28,27.36
2012-11-29,84.19,26.95
2012-11-30,83.61,26.62
2012-12-03,83.74,26.43
2012-12-04,82.26,26.37
2012-12-05,76.97,26.67
2012-12-06,78.18,26.72
2012-12-07,76.18,26.46
2012-12-10,75.69,26.94
2012-12-11,77.34,27.32
2012-12-12,77.0,27.24
2012-12-13,75.67,27.11
2012-12-14,72.83,26.81
2012-12-17,74.12,27.1
2012-12-18,76.27,27.56
2012-12-19,75.19,27.31
2012-12-20,74.53,27.68
2012-12-21,74.19,27.45
2012-12-24,74.31,27.06
2012-12-26,73.29,26.86
2012-12-27,73.58,26.96
2012-12-28,72.8,26.55
2012-12-31,76.02,26.71
2013-01-02,78.43,27.62
2013-01-03,77.44,27.25
2013-01-04,75.29,26.74
2013-01-07,74.8,26.69
2013-01-08,75.04,26.55
2013-01-09,73.87,26.7
2013-01-10,74.79,26.46
2013-01-11,74.33,26.83
2013-01-14,71.68,26.89
2013-01-15,69.42,27.21
2013-01-16,72.3,27.04
2013-01-17,71.81,27.25
2013-01-18,71.43,27.25
2013-01-22,72.11,27.15
2013-01-23,73.43,27.61
2013-01-24,64.36,27.63
2013-01-25,62.84,27.88
2013-01-28,64.26,27.91
2013-01-29,65.47,28.01
2013-01-30,65.26,27.85
2013-01-31,65.07,27.45
2013-02-01,64.8,27.93
2013-02-04,63.19,27.44
2013-02-05,65.41,27.5
2013-02-06,65.34,27.34
2013-02-07,66.89,27.28
2013-02-08,67.85,27.55
2013-02-11,68.56,27.86
2013-02-12,66.84,27.88
2013-02-13,66.72,28.03
2013-02-14,66.66,28.04
2013-02-15,65.74,28.01
2013-02-19,65.71,28.04
2013-02-20,64.12,27.87
2013-02-21,63.72,27.49
2013-02-22,64.4,27.76
2013-02-25,63.26,27.37
2013-02-26,64.14,27.37
2013-02-27,63.51,27.81
2013-02-28,63.06,27.8
2013-03-01,61.5,27.95
2013-03-04,60.01,28.15
2013-03-05,61.59,28.35
2013-03-06,60.81,28.09
2013-03-07,61.51,28.14
2013-03-08,61.67,28.0
2013-03-11,62.55,27.87
2013-03-12,61.2,27.91
2013-03-13,61.19,27.92
2013-03-14,61.79,28.14
2013-03-15,63.38,28.04
2013-03-18,65.1,28.1
2013-03-19,64.93,28.18
2013-03-20,64.58,28.32
2013-03-21,64.68,28.11
2013-03-22,65.99,28.25
2013-03-25,66.23,28.16
2013-03-26,65.88,28.16
2013-03-27,64.58,28.37
2013-03-28,63.24,28.6
2013-04-01,61.27,28.61
2013-04-02,61.4,28.8
2013-04-03,61.71,28.56
2013-04-04,61.1,28.6
2013-04-05,60.46,28.7
2013-04-08,60.89,28.59
2013-04-09,61.0,29.61
2013-04-10,62.24,30.28
2013-04-11,62.05,28.94
2013-04-12,61.4,28.79
2013-04-15,59.98,28.69
2013-04-16,60.89,28.97
2013-04-17,57.54,28.82
2013-04-18,56.01,28.79
2013-04-19,55.79,29.76
2013-04-22,56.95,30.83
2013-04-23,58.02,30.6
2013-04-24,57.92,31.76
2013-04-25,58.34,31.94
2013-04-26,59.6,31.79
2013-04-29,61.45,32.61
2013-04-30,63.25,33.1
2013-05-01,62.76,32.72
2013-05-02,63.65,33.16
2013-05-03,64.28,33.49
2013-05-06,65.82,33.75
2013-05-07,65.52,33.31
2013-05-08,66.26,32.99
2013-05-09,65.25,32.66
2013-05-10,64.71,32.69
2013-05-13,64.96,33.03
2013-05-14,63.41,33.53
2013-05-15,61.26,33.84
2013-05-16,62.08,34.08
2013-05-17,61.89,34.87
2013-05-20,63.28,35.08
2013-05-21,62.81,34.85
2013-05-22,63.05,34.61
2013-05-23,63.16,34.15
2013-05-24,63.59,34.27
2013-05-28,63.06,35.02
2013-05-29,63.56,34.88
2013-05-30,64.51,35.03
2013-05-31,64.25,34.9
2013-06-03,64.39,35.59
2013-06-04,64.19,34.99
2013-06-05,63.59,34.78
2013-06-06,62.64,34.96
2013-06-07,63.12,35.67
2013-06-10,62.7,35.47
2013-06-11,62.51,34.84
2013-06-12,61.74,35.0
2013-06-13,62.28,34.72
2013-06-14,61.44,34.4
2013-06-17,61.71,35.0
2013-06-18,61.68,34.98
2013-06-19,60.43,34.59
2013-06-20,59.55,33.49
2013-06-21,59.07,33.26
2013-06-24,57.51,33.72
2013-06-25,57.52,33.67
2013-06-26,56.87,34.35
2013-06-27,56.25,34.62
2013-06-28,56.65,34.54
2013-07-01,58.46,34.36
2013-07-02,59.78,33.94
2013-07-03,60.11,34.01
2013-07-05,59.63,34.21
2013-07-08,59.29,34.32
2013-07-09,60.34,34.35
2013-07-10,60.1,34.7
2013-07-11,61.04,35.68
2013-07-12,60.93,35.67
2013-07-15,61.06,36.17
2013-07-16,61.46,36.27
2013-07-17,61.47,35.74
2013-07-18,61.68,35.44
2013-07-19,60.71,31.4
2013-07-22,60.9,32.01
2013-07-23,59.86,31.82
2013-07-24,62.93,31.96
2013-07-25,62.64,31.39
2013-07-26,63.0,31.62
2013-07-29,63.97,31.54
2013-07-30,64.76,31.85
2013-07-31,64.65,31.84
2013-08-01,65.24,31.67
2013-08-02,66.08,31.89
2013-08-05,67.06,31.7
2013-08-06,66.46,31.58
2013-08-07,66.43,32.06
2013-08-08,65.86,32.89
2013-08-09,64.92,32.7
2013-08-12,66.77,32.87
2013-08-13,69.94,32.23
2013-08-14,71.21,32.35
2013-08-15,71.13,31.79
2013-08-16,71.76,31.8
2013-08-19,72.53,31.39
2013-08-20,71.58,31.62
2013-08-21,71.77,31.61
2013-08-22,71.85,32.39
2013-08-23,71.57,34.75
2013-08-26,71.85,34.15
2013-08-27,69.8,33.26
2013-08-28,70.13,33.02
2013-08-29,70.24,33.55
2013-08-30,69.6,33.4
2013-09-03,69.8,31.88
2013-09-04,71.24,31.2
2013-09-05,70.75,31.24
2013-09-06,71.17,31.15
2013-09-09,72.31,31.66
2013-09-10,70.66,32.39
2013-09-11,66.82,32.74
2013-09-12,67.53,32.69
2013-09-13,66.41,33.03
2013-09-16,64.3,32.8
2013-09-17,65.05,32.93
2013-09-18,66.38,33.32
2013-09-19,67.47,33.64
2013-09-20,66.77,32.79
2013-09-23,70.09,32.74
2013-09-24,69.87,32.46
2013-09-25,68.79,32.5
2013-09-26,69.46,32.77
2013-09-27,68.96,33.27
2013-09-30,68.11,33.28
2013-10-01,69.71,33.58
2013-10-02,69.94,33.92
2013-10-03,69.06,33.86
2013-10-04,69.0,33.88
2013-10-07,69.68,33.3
2013-10-08,68.71,33.01
2013-10-09,69.51,33.07
2013-10-10,69.95,33.76
2013-10-11,70.4,34.13
2013-10-14,70.86,34.45
2013-10-15,71.24,34.49
2013-10-16,71.59,34.64
2013-10-17,72.07,34.92
2013-10-18,72.7,34.96
2013-10-21,74.48,34.99
2013-10-22,74.27,34.58
2013-10-23,74.99,33.76
2013-10-24,75.99,33.72
2013-10-25,75.14,35.73
2013-10-28,75.7,35.57
2013-10-29,73.81,35.52
2013-10-30,74.98,35.54
2013-10-31,74.67,35.4
2013-11-01,74.29,35.52
2013-11-04,75.25,35.94
2013-11-05,75.06,36.64
2013-11-06,74.42,38.18
2013-11-07,73.21,37.5
2013-11-08,74.37,37.78
2013-11-11,74.15,37.59
2013-11-12,74.29,37.36
2013-11-13,74.38,38.16
2013-11-14,75.45,38.02
2013-11-15,75.0,37.84
2013-11-18,74.09,37.2
2013-11-19,74.22,36.74
2013-11-20,73.57,37.08
2013-11-21,74.45,37.4
2013-11-22,74.26,37.57
2013-11-25,74.82,37.64
2013-11-26,76.2,37.35
2013-11-27,77.99,37.6
2013-11-29,79.44,38.13
2013-12-02,78.75,38.45
2013-12-03,80.9,38.31
2013-12-04,80.71,38.94
2013-12-05,81.13,38.0
2013-12-06,80.0,38.36
2013-12-09,80.92,38.7
2013-12-10,80.79,38.11
2013-12-11,80.19,37.61
2013-12-12,80.08,37.22
2013-12-13,79.2,36.69
2013-12-16,79.64,36.88
2013-12-17,79.28,36.52
2013-12-18,78.68,36.58
2013-12-19,77.78,36.25
2013-12-20,78.43,36.8
2013-12-23,81.44,36.62
2013-12-24,81.1,37.08
2013-12-26,80.56,37.44
2013-12-27,80.01,37.29
2013-12-30,79.22,37.29
2013-12-31,80.15,37.41
2014-01-02,79.02,37.16
2014-01-03,77.28,36.91
2014-01-06,77.7,36.13
2014-01-07,77.15,36.41
2014-01-08,77.64,35.76
2014-01-09,76.65,35.53
2014-01-10,76.13,36.04
2014-01-13,76.53,34.98
2014-01-14,78.06,35.78
2014-01-15,79.62,36.76
2014-01-16,79.18,36.89
2014-01-17,77.24,36.38
2014-01-21,78.44,36.17
2014-01-22,78.79,35.93
2014-01-23,79.45,36.06
2014-01-24,78.01,36.8
2014-01-27,78.64,36.03
2014-01-28,72.36,36.27
2014-01-29,71.54,36.66
2014-01-30,71.4,36.86
2014-01-31,71.51,37.84
2014-02-03,71.65,36.48
2014-02-04,72.68,36.35
2014-02-05,73.23,35.82
2014-02-06,73.22,36.18
2014-02-07,74.24,36.56
2014-02-10,75.57,36.8
2014-02-11,76.57,37.18
2014-02-12,76.56,37.47
2014-02-13,77.78,37.61
2014-02-14,77.71,37.62
2014-02-18,78.0,37.42
2014-02-19,76.77,37.51
2014-02-20,75.88,37.75
2014-02-21,75.04,37.98
2014-02-24,75.36,37.69
2014-02-25,74.58,37.54
2014-02-26,73.91,37.47
2014-02-27,75.38,37.86
2014-02-28,75.18,38.31
2014-03-03,75.39,37.78
2014-03-04,75.89,38.41
2014-03-05,76.05,38.11
2014-03-06,75.82,38.15
2014-03-07,75.78,37.9
2014-03-10,75.85,37.82
2014-03-11,76.58,38.02
2014-03-12,76.66,38.27
2014-03-13,75.81,37.89
2014-03-14,74.96,37.7
2014-03-17,75.25,38.05
2014-03-18,75.91,39.55
2014-03-19,75.89,39.27
2014-03-20,75.53,40.33
2014-03-21,76.12,40.16
2014-03-24,77.03,40.5
2014-03-25,77.86,40.34
2014-03-26,77.11,39.79
2014-03-27,76.78,39.36
2014-03-28,76.69,40.3
2014-03-31,76.68,40.99
2014-04-01,77.38,41.42
2014-04-02,77.51,41.35
2014-04-03,76.97,41.01
2014-04-04,75.97,39.87
2014-04-07,74.78,39.8
2014-04-08,74.78,39.82
2014-04-09,75.76,40.47
2014-04-10,74.78,39.36
2014-04-11,74.23,39.21
2014-04-14,74.53,39.18
2014-04-15,73.99,39.75
2014-04-16,74.14,40.4
2014-04-17,74.99,40.01
2014-04-21,75.88,39.94
2014-04-22,75.96,39.99
2014-04-23,74.96,39.69
2014-04-24,81.11,39.86
2014-04-25,81.71,39.91
2014-04-28,84.87,40.87
2014-04-29,84.62,40.51
2014-04-30,84.3,40.4
2014-05-01,84.5,40.0
2014-05-02,84.65,39.69
2014-05-05,85.85,39.43
2014-05-06,84.92,39.06
2014-05-07,84.62,39.42
2014-05-08,84.0,39.64
2014-05-09,83.65,39.54
2014-05-12,84.69,39.97
2014-05-13,84.82,40.42
2014-05-14,84.84,40.24
2014-05-15,84.12,39.6
2014-05-16,85.36,39.83
2014-05-19,86.37,39.75
2014-05-20,86.39,39.68
2014-05-21,86.62,40.35
2014-05-22,86.75,40.1
2014-05-23,87.73,40.12
2014-05-27,89.38,40.19
2014-05-28,89.14,40.01
2014-05-29,90.77,40.34
2014-05-30,90.43,40.94
2014-06-02,89.81,40.79
2014-06-03,91.08,40.29
2014-06-04,92.12,40.32
2014-06-05,92.48,41.21
2014-06-06,92.22,41.48
2014-06-09,93.7,41.27
2014-06-10,94.25,41.11
2014-06-11,93.86,40.86
2014-06-12,92.29,40.58
2014-06-13,91.28,41.23
2014-06-16,92.2,41.5
2014-06-17,92.08,41.68
2014-06-18,92.18,41.65
2014-06-19,91.86,41.51
2014-06-20,90.91,41.68
2014-06-23,90.83,41.99
2014-06-24,90.28,41.74
2014-06-25,90.36,42.03
2014-06-26,90.9,41.72
2014-06-27,91.98,42.25
2014-06-30,92.93,41.7
2014-07-01,93.52,41.87
2014-07-02,93.48,41.9
2014-07-03,94.03,41.8
2014-07-07,95.97,41.99
2014-07-08,95.35,41.78
2014-07-09,95.39,41.67
2014-07-10,95.04,41.68
2014-07-11,95.22,42.09
2014-07-14,96.45,42.14
2014-07-15,95.32,42.45
2014-07-16,94.78,44.08
2014-07-17,93.09,44.53
2014-07-18,94.43,44.69
2014-07-21,93.94,44.84
2014-07-22,94.72,44.83
2014-07-23,97.19,44.87
2014-07-24,97.03,44.4
2014-07-25,97.67,44.5
2014-07-28,99.02,43.97
2014-07-29,98.38,43.88
2014-07-30,98.15,43.58
2014-07-31,95.6,43.16
2014-08-01,96.13,42.86
2014-08-04,95.59,43.37
2014-08-05,95.12,43.08
2014-08-06,94.96,42.74
2014-08-07,94.48,43.23
2014-08-08,94.74,43.2
2014-08-11,95.99,43.2
2014-08-12,95.97,43.52
2014-08-13,97.24,44.08
2014-08-14,97.5,44.27
2014-08-15,97.98,44.79
2014-08-18,99.16,45.11
2014-08-19,100.53,45.33
2014-08-20,100.57,44.95
2014-08-21,100.58,45.22
2014-08-22,101.32,45.15
2014-08-25,101.54,45.17
2014-08-26,100.89,45.0
2014-08-27,102.13,44.87
2014-08-28,102.25,44.88
2014-08-29,102.5,45.43
2014-09-02,103.3,45.09
2014-09-03,98.94,44.96
2014-09-04,98.12,45.26
2014-09-05,98.97,45.91
2014-09-08,98.36,46.47
2014-09-09,97.99,46.76
2014-09-10,101.0,46.84
2014-09-11,101.43,47.0
2014-09-12,101.66,46.7
2014-09-15,101.63,46.24
2014-09-16,100.86,46.76
2014-09-17,101.58,46.52
2014-09-18,101.79,46.68
2014-09-19,100.96,47.52
2014-09-22,101.06,47.06
2014-09-23,102.64,46.56
2014-09-24,101.75,47.08
2014-09-25,97.87,46.04
2014-09-26,100.75,46.41
2014-09-29,100.11,46.44
2014-09-30,100.75,46.36
2014-10-01,99.18,45.9
2014-10-02,99.9,45.76
2014-10-03,99.62,46.09
2014-10-06,99.62,46.09
2014-10-07,98.75,45.53
2014-10-08,100.8,46.78
2014-10-09,101.02,45.85
2014-10-10,100.73,44.03
2014-10-13,99.81,43.65
2014-10-14,98.75,43.73
2014-10-15,97.54,43.22
2014-10-16,96.26,42.74
2014-10-17,97.67,43.63
2014-10-20,99.76,44.08
2014-10-21,102.47,44.88
2014-10-22,102.99,44.38
2014-10-23,104.83,45.02
2014-10-24,105.22,46.13
2014-10-27,105.11,45.91
2014-10-28,106.74,46.49
2014-10-29,107.34,46.62
2014-10-30,106.98,46.05
2014-10-31,108.0,46.95
2014-11-03,109.4,47.44
2014-11-04,108.6,47.57
2014-11-05,108.86,47.86
2014-11-06,108.7,48.7
2014-11-07,109.01,48.68
2014-11-10,108.83,48.89
2014-11-11,109.7,48.87
2014-11-12,111.25,48.78
2014-11-13,112.82,49.61
2014-11-14,114.18,49.58
2014-11-17,113.99,49.46
2014-11-18,115.47,48.74
2014-11-19,114.67,48.22
2014-11-20,116.31,48.7
2014-11-21,116.47,47.98
2014-11-24,118.62,47.59
2014-11-25,117.6,47.47
2014-11-26,119.0,47.75
2014-11-28,118.93,47.81
2014-12-01,115.07,48.62
2014-12-02,114.63,48.46
2014-12-03,115.93,48.08
2014-12-04,115.49,48.84
2014-12-05,115.0,48.42
2014-12-08,112.4,47.7
2014-12-09,114.12,47.59
2014-12-10,111.95,46.9
2014-12-11,111.62,47.17
2014-12-12,109.73,46.95
2014-12-15,108.22,46.67
2014-12-16,106.74,45.16
2014-12-17,109.41,45.74
2014-12-18,112.65,47.52
2014-12-19,111.78,47.66
2014-12-22,112.94,47.98
2014-12-23,112.54,48.45
2014-12-24,112.01,48.14
2014-12-26,113.99,47.88
2014-12-29,113.91,47.45
2014-12-30,112.52,47.02
2014-12-31,110.38,46.45
2015-01-02,109.33,46.76
2015-01-05,106.25,46.32
2015-01-06,106.26,45.65
2015-01-07,107.75,46.23
2015-01-08,111.89,47.59
2015-01-09,112.01,47.19
2015-01-12,109.25,46.6
2015-01-13,110.22,46.36
2015-01-14,109.8,45.96
2015-01-15,106.82,45.48
2015-01-16,105.99,46.24
2015-01-20,108.72,46.39
2015-01-21,109.55,45.92
2015-01-22,112.4,47.13
2015-01-23,112.98,47.18
2015-01-26,113.1,47.01
2015-01-27,109.14,42.66
2015-01-28,115.31,41.19
2015-01-29,118.9,42.01
2015-01-30,117.16,40.4
2015-02-02,118.63,41.28
2015-02-03,118.65,41.6
2015-02-04,119.56,41.84
2015-02-05,119.94,42.45
2015-02-06,118.93,42.41
2015-02-09,119.72,42.36
2015-02-10,122.02,42.6
2015-02-11,124.88,42.38
2015-02-12,126.46,43.09
2015-02-13,127.08,43.87
2015-02-17,127.83,43.58
2015-02-18,128.72,43.53
2015-02-19,128.45,43.5
2015-02-20,129.5,43.86
2015-02-23,133.0,44.15
2015-02-24,132.17,44.09
2015-02-25,128.79,43.99
2015-02-26,130.42,44.06
2015-02-27,128.46,43.85
2015-03-02,129.09,43.88
2015-03-03,129.36,43.28
2015-03-04,128.54,43.06
2015-03-05,126.41,43.11
2015-03-06,126.6,42.36
2015-03-09,127.14,42.85
2015-03-10,124.51,42.03
2015-03-11,122.24,41.98
2015-03-12,124.45,41.02
2015-03-13,123.59,41.38
2015-03-16,124.95,41.56
2015-03-17,127.04,41.7
2015-03-18,128.47,42.5
2015-03-19,127.5,42.28
2015-03-20,125.9,42.88
2015-03-23,127.21,42.86
2015-03-24,126.69,42.9
2015-03-25,123.38,41.46
2015-03-26,124.24,41.21
2015-03-27,123.25,40.97
2015-03-30,126.37,40.96
2015-03-31,124.43,40.66
2015-04-01,124.25,40.72
2015-04-02,125.32,40.29
2015-04-06,127.35,41.54
2015-04-07,126.01,41.53
2015-04-08,125.6,41.42
2015-04-09,126.56,41.48
2015-04-10,127.1,41.72
2015-04-13,126.85,41.76
2015-04-14,126.3,41.65
2015-04-15,126.78,42.26
2015-04-16,126.17,42.16
2015-04-17,124.75,41.62
2015-04-20,127.6,42.9
2015-04-21,126.91,42.64
2015-04-22,128.62,42.98
2015-04-23,129.67,43.34
2015-04-24,130.28,47.87
2015-04-27,132.65,48.03
2015-04-28,130.56,49.16
2015-04-29,128.64,49.06
2015-04-30,125.15,48.64
2015-05-01,128.95,48.66
2015-05-04,128.7,48.24
2015-05-05,125.8,47.6
2015-05-06,125.01,46.28
2015-05-07,125.26,46.7
2015-05-08,127.62,47.75
2015-05-11,126.32,47.37
2015-05-12,125.86,47.35
2015-05-13,126.01,47.62
2015-05-14,128.95,48.72
2015-05-15,128.77,48.3
2015-05-18,130.19,48.01
2015-05-19,130.07,47.58
2015-05-20,130.06,47.58
2015-05-21,131.39,47.42
2015-05-22,132.54,46.9
2015-05-26,129.62,46.59
2015-05-27,132.04,47.61
2015-05-28,131.78,47.45
2015-05-29,130.28,46.86
2015-06-01,130.54,47.23
2015-06-02,129.96,46.92
2015-06-03,130.12,46.85
2015-06-04,129.36,46.36
2015-06-05,128.65,46.14
2015-06-08,127.8,45.73
2015-06-09,127.42,45.65
2015-06-10,128.88,46.61
2015-06-11,128.59,46.44
2015-06-12,127.17,45.97
2015-06-15,126.92,45.48
2015-06-16,127.6,45.83
2015-06-17,127.3,45.97
2015-06-18,127.88,46.72
2015-06-19,126.6,46.1
2015-06-22,127.61,46.23
2015-06-23,127.03,45.91
2015-06-24,128.11,45.64
2015-06-25,127.5,45.65
2015-06-26,126.75,45.26
2015-06-29,124.53,44.37
2015-06-30,125.42,44.15
2015-07-01,126.6,44.44
2015-07-02,126.44,44.4
2015-07-06,126.0,44.39
2015-07-07,125.69,44.3
2015-07-08,122.57,44.24
2015-07-09,120.07,44.52
2015-07-10,123.28,44.61
2015-07-13,125.66,45.54
2015-07-14,125.61,45.62
2015-07-15,126.82,45.76
2015-07-16,128.51,46.66
2015-07-17,129.62,46.62
2015-07-20,132.07,46.92
2015-07-21,130.75,47.28
2015-07-22,125.22,45.54
2015-07-23,125.16,46.11
2015-07-24,124.5,45.94
2015-07-27,122.77,45.35
2015-07-28,123.38,45.34
2015-07-29,122.99,46.29
2015-07-30,122.37,46.88
2015-07-31,121.3,46.7
2015-08-03,118.44,46.81
2015-08-04,114.64,47.54
2015-08-05,115.4,47.58
2015-08-06,115.13,46.62
2015-08-07,115.52,46.74
2015-08-10,119.72,47.33
2015-08-11,113.49,46.41
2015-08-12,115.24,46.74
2015-08-13,115.15,46.73
2015-08-14,115.96,47.0
2015-08-17,117.16,47.32
2015-08-18,116.5,47.27
2015-08-19,115.01,46.61
2015-08-20,112.65,45.66
2015-08-21,105.76,43.07
2015-08-24,103.12,41.68
2015-08-25,103.74,40.47
2015-08-26,109.69,42.71
2015-08-27,112.92,43.9
2015-08-28,113.29,43.93
2015-08-31,112.76,43.52
2015-09-01,107.72,41.82
2015-09-02,112.34,43.36
2015-09-03,110.37,43.5
2015-09-04,109.27,42.61
2015-09-08,112.31,43.89
2015-09-09,110.15,43.07
2015-09-10,112.57,43.29
2015-09-11,114.21,43.48
2015-09-14,115.31,43.04
2015-09-15,116.28,43.98
2015-09-16,116.41,44.3
2015-09-17,113.92,44.25
2015-09-18,113.45,43.48
2015-09-21,115.21,44.11
2015-09-22,113.4,43.9
2015-09-23,114.32,43.87
2015-09-24,115.0,43.91
2015-09-25,114.71,43.94
2015-09-28,112.44,43.29
2015-09-29,109.06,43.44
2015-09-30,110.3,44.26
2015-10-01,109.58,44.61
2015-10-02,110.38,45.57
2015-10-05,110.78,46.63
2015-10-06,111.31,46.75
2015-10-07,110.78,46.8
2015-10-08,109.5,47.45
2015-10-09,112.12,47.11
2015-10-12,111.6,47.0
2015-10-13,111.79,46.89
2015-10-14,110.21,46.68
2015-10-15,111.86,47.01
2015-10-16,111.04,47.51
2015-10-19,111.73,47.62
2015-10-20,113.77,47.77
2015-10-21,113.76,47.2
2015-10-22,115.5,48.03
2015-10-23,119.08,52.87
2015-10-26,115.28,54.25
2015-10-27,114.55,53.69
2015-10-28,119.27,53.98
2015-10-29,120.53,53.36
2015-10-30,119.5,52.64
2015-11-02,121.18,53.24
2015-11-03,122.57,54.15
2015-11-04,122.0,54.4
2015-11-05,120.92,54.38
2015-11-06,121.06,54.92
2015-11-09,120.57,54.16
2015-11-10,116.77,53.51
2015-11-11,116.11,53.65
2015-11-12,115.72,53.32
2015-11-13,112.34,52.84
2015-11-16,114.18,53.76
2015-11-17,113.69,52.97
2015-11-18,117.29,53.85
2015-11-19,118.78,53.94
2015-11-20,119.3,54.19
2015-11-23,117.75,54.19
2015-11-24,118.88,54.25
2015-11-25,118.03,53.69
2015-11-27,117.81,53.93
2015-11-30,118.3,54.35
2015-12-01,117.34,55.22
2015-12-02,116.28,55.21
2015-12-03,115.2,54.2
2015-12-04,119.03,55.91
2015-12-07,118.28,55.81
2015-12-08,118.23,55.79
2015-12-09,115.62,54.98
2015-12-10,116.17,55.27
2015-12-11,113.18,54.06
2015-12-14,112.48,55.14
2015-12-15,110.49,55.2
2015-12-16,111.34,56.13
2015-12-17,108.98,55.7
2015-12-18,106.03,54.13
2015-12-21,107.33,54.83
2015-12-22,107.23,55.35
2015-12-23,108.61,55.82
2015-12-24,108.03,55.67
2015-12-28,106.82,55.95
2015-12-29,108.74,56.55
2015-12-30,107.32,56.31
2015-12-31,105.26,55.48
2016-01-04,105.35,54.8
2016-01-05,102.71,55.05
2016-01-06,100.7,54.05
2016-01-07,96.45,52.17
2016-01-08,96.96,52.33
2016-01-11,98.53,52.3
2016-01-12,99.96,52.78
2016-01-13,97.39,51.64
2016-01-14,99.52,53.11
2016-01-15,97.13,50.99
2016-01-19,96.66,50.56
2016-01-20,96.79,50.79
2016-01-21,96.3,50.48
2016-01-22,101.42,52.29
2016-01-25,99.44,51.79
2016-01-26,99.99,52.17
2016-01-27,93.42,51.22
2016-01-28,94.09,52.06
2016-01-29,97.34,55.09
2016-02-01,96.43,54.71
2016-02-02,94.48,53.0
2016-02-03,96.35,52.16
2016-02-04,96.6,52.0
2016-02-05,94.02,50.16
2016-02-08,95.01,49.41
2016-02-09,94.99,49.28
2016-02-10,94.27,49.71
2016-02-11,93.7,49.69
2016-02-12,93.99,50.5
2016-02-16,96.64,51.09
2016-02-17,98.12,52.42
2016-02-18,96.26,52.19
2016-02-19,96.04,51.82
2016-02-22,96.88,52.65
2016-02-23,94.69,51.18
2016-02-24,96.1,51.36
2016-02-25,96.76,52.1
2016-02-26,96.91,51.3
2016-02-29,96.69,50.88
2016-03-01,100.53,52.58
2016-03-02,100.75,52.95
2016-03-03,101.5,52.35
2016-03-04,103.01,52.03
2016-03-07,101.87,51.03
2016-03-08,101.03,51.65
2016-03-09,101.12,52.84
2016-03-10,101.17,52.05
2016-03-11,102.26,53.07
2016-03-14,102.52,53.17
2016-03-15,104.58,53.59
2016-03-16,105.97,54.35
2016-03-17,105.8,54.66
2016-03-18,105.92,53.49
2016-03-21,105.91,53.86
2016-03-22,106.72,54.07
2016-03-23,106.13,53.97
2016-03-24,105.67,54.21
2016-03-28,105.19,53.54
2016-03-29,107.68,54.71
2016-03-30,109.56,55.05
2016-03-31,108.99,55.23
2016-04-01,109.99,55.57
2016-04-04,111.12,55.43
2016-04-05,109.81,54.56
2016-04-06,110.96,55.12
2016-04-07,108.54,54.46
2016-04-08,108.66,54.42
2016-04-11,109.02,54.31
2016-04-12,110.44,54.65
2016-04-13,112.04,55.35
2016-04-14,112.1,55.36
2016-04-15,109.85,55.65
2016-04-18,107.48,56.46
2016-04-19,106.91,56.39
2016-04-20,107.13,55.59
2016-04-21,105.97,55.78
2016-04-22,105.68,51.78
2016-04-25,105.08,52.11
2016-04-26,104.35,51.44
2016-04-27,97.82,50.94
2016-04-28,94.83,49.9
2016-04-29,93.74,49.87
2016-05-02,93.64,50.61
2016-05-03,95.18,49.78
2016-05-04,94.19,49.87
2016-05-05,93.24,49.94
2016-05-06,92.72,50.39
2016-05-09,92.79,50.07
2016-05-10,93.42,51.02
2016-05-11,92.51,51.05
2016-05-12,90.34,51.51
2016-05-13,90.52,51.08
2016-05-16,93.88,51.83
2016-05-17,93.49,50.51
2016-05-18,94.56,50.81
2016-05-19,94.2,50.32
2016-05-20,95.22,50.62
2016-05-23,96.43,50.03
2016-05-24,97.9,51.59
2016-05-25,99.62,52.12
2016-05-26,100.41,51.89
2016-05-27,100.35,52.32
2016-05-31,99.86,53.0
2016-06-01,98.46,52.85
2016-06-02,97.72,52.48
2016-06-03,97.92,51.79
2016-06-06,98.63,52.13
2016-06-07,99.03,52.1
2016-06-08,98.94,52.04
2016-06-09,99.65,51.62
2016-06-10,98.83,51.48
2016-06-13,97.34,50.14
2016-06-14,97.46,49.83
2016-06-15,97.14,49.69
2016-06-16,97.55,50.39
2016-06-17,95.33,50.13
2016-06-20,95.1,50.07
2016-06-21,95.91,51.19
2016-06-22,95.55,50.99
2016-06-23,96.1,51.91
2016-06-24,93.4,49.83
2016-06-27,92.04,48.43
2016-06-28,93.59,49.44
2016-06-29,94.4,50.54
2016-06-30,95.6,51.17
2016-07-01,95.89,51.16
2016-07-05,94.99,51.17
2016-07-06,95.53,51.38
2016-07-07,95.94,51.38
2016-07-08,96.68,52.3
2016-07-11,96.98,52.59
2016-07-12,97.42,53.21
2016-07-13,96.87,53.51
2016-07-14,98.79,53.74
2016-07-15,98.78,53.7
2016-07-18,99.83,53.96
2016-07-19,99.87,53.09
2016-07-20,99.96,55.91
2016-07-21,99.43,55.8
2016-07-22,98.66,56.57
2016-07-25,97.34,56.73
2016-07-26,96.67,56.76
2016-07-27,102.95,56.19
2016-07-28,104.34,56.21
2016-07-29,104.21,56.68
2016-08-01,106.05,56.58
2016-08-02,104.48,56.58
2016-08-03,105.79,56.97
2016-08-04,105.87,57.39
2016-08-05,107.48,57.96
2016-08-08,108.37,58.06
2016-08-09,108.81,58.2
2016-08-10,108.0,58.02
2016-08-11,107.93,58.3
2016-08-12,108.18,57.94
2016-08-15,109.48,58.12
2016-08-16,109.38,57.44
2016-08-17,109.22,57.56
2016-08-18,109.08,57.6
2016-08-19,109.36,57.62
2016-08-22,108.51,57.67
2016-08-23,108.85,57.89
2016-08-24,108.03,57.95
2016-08-25,107.57,58.17
2016-08-26,106.94,58.03
2016-08-29,106.82,58.1
2016-08-30,106.0,57.89
2016-08-31,106.1,57.46
2016-09-01,106.73,57.59
2016-09-02,107.73,57.67
2016-09-06,107.7,57.61
2016-09-07,108.36,57.66
2016-09-08,105.52,57.43
2016-09-09,103.13,56.21
2016-09-12,105.44,57.05
2016-09-13,107.95,56.53
2016-09-14,111.77,56.26
2016-09-15,115.57,57.19
2016-09-16,114.92,57.25
2016-09-19,113.58,56.93
2016-09-20,113.57,56.81
2016-09-21,113.55,57.76
2016-09-22,114.62,57.82
2016-09-23,112.71,57.43
2016-09-26,112.88,56.9
2016-09-27,113.09,57.95
2016-09-28,113.95,58.03
2016-09-29,112.18,57.4
2016-09-30,113.05,57.6
2016-10-03,112.52,57.42
2016-10-04,113.0,57.24
2016-10-05,113.05,57.64
2016-10-06,113.89,57.74
2016-10-07,114.06,57.8
2016-10-10,116.05,58.04
2016-10-11,116.3,57.19
2016-10-12,117.34,57.11
2016-10-13,116.98,56.92
2016-10-14,117.63,57.42
2016-10-17,117.55,57.22
2016-10-18,117.47,57.66
2016-10-19,117.12,57.53
2016-10-20,117.06,57.25
2016-10-21,116.6,59.66
2016-10-24,117.65,61.0
2016-10-25,118.25,60.99
2016-10-26,115.59,60.63
2016-10-27,114.48,60.1
2016-10-28,113.72,59.87
2016-10-31,113.54,59.92
2016-11-01,111.49,59.8
2016-11-02,111.59,59.43
2016-11-03,109.83,59.21
2016-11-04,108.84,58.71
2016-11-07,110.41,60.42
2016-11-08,111.06,60.47
2016-11-09,110.88,60.17
2016-11-10,107.79,58.7
2016-11-11,108.43,59.02
2016-11-14,105.71,58.12
2016-11-15,107.11,58.87
2016-11-16,109.99,59.65
2016-11-17,109.95,60.64
2016-11-18,110.06,60.35
2016-11-21,111.73,60.86
2016-11-22,111.8,61.12
2016-11-23,111.23,60.4
2016-11-25,111.79,60.53
2016-11-28,111.57,60.61
2016-11-29,111.46,61.09
2016-11-30,110.52,60.26
2016-12-01,109.49,59.2
2016-12-02,109.9,59.25
2016-12-05,109.11,60.22
2016-12-06,109.95,59.95
2016-12-07,111.03,61.37
2016-12-08,112.12,61.01
2016-12-09,113.95,61.97
2016-12-12,113.3,62.17
2016-12-13,115.19,62.98
2016-12-14,115.19,62.68
2016-12-15,115.82,62.58
2016-12-16,115.97,62.3
2016-12-19,116.64,63.62
2016-12-20,116.95,63.54
2016-12-21,117.06,63.54
2016-12-22,116.29,63.55
2016-12-23,116.52,63.24
2016-12-27,117.26,63.28
2016-12-28,116.76,62.99
2016-12-29,116.73,62.9
2016-12-30,115.82,62.14